,accuracy,formatted_address,google_place_id,input_string,latitude,longitude,number_of_results,postcode,status,type
0,,,,Fuel Your Inner Beast,,,0,,ZERO_RESULTS,
1,ROOFTOP,"13626 37th Ave # 4FL, Flushing, NY 11354, USA",ChIJD7v83A9gwokRtNOTMUcRXls,Jie Ying,40.761534,-73.8300548,2,11354,OK,"doctor,establishment,health,point_of_interest"
2,ROOFTOP,"654 9th Ave, New York, NY 10036, USA",ChIJqxFk3FNYwokRIqK9s4P3otQ,Cara Mia,40.7607175,-73.9907444,1,10036,OK,"establishment,food,point_of_interest,restaurant"
3,ROOFTOP,"104 N Pennsylvania Ave, Independence, KS 67301, USA",ChIJyZ7NJRUruIcRY04ba4ZfILE,Eat Drink & Laugh,37.2235131,-95.7064026,1,67301,OK,"bar,establishment,food,point_of_interest,restaurant"
4,,,,Fahhq,,,0,,ZERO_RESULTS,
5,ROOFTOP,"6100 Luther Ln, Dallas, TX 75225, USA",ChIJFU02WkSeToYRcranjpPleKs,Susiecakes,32.8634065,-96.80643359999999,1,75225,OK,"bakery,establishment,food,point_of_interest,store"
6,ROOFTOP,"698 Post St, San Francisco, CA 94109, USA",ChIJn3Nz-5GAhYAR4g8euEazEYg,Lapisara Eatery,37.7878433,-122.4131803,1,94109,OK,"establishment,food,point_of_interest,restaurant"
7,GEOMETRIC_CENTER,"Disney California Adventure Park, Paradise Gardens, Anaheim, CA 92802, United States",ChIJO8u7b9nX3IAReHJo2-NGqwE,5476-Bayside Brews Draft Cart/fresh Produce Pretzels & Juice,33.8058631,-117.9228314,1,92802,OK,"bar,establishment,point_of_interest"
8,,,,5477-Carvery Cart/the Dog House,,,0,,ZERO_RESULTS,
9,ROOFTOP,"54 Lincoln Ave, Santa Fe, NM 87501, USA",ChIJTT1XOUFQGIcRUiE1YfOjWHA,Plaza Cafe,35.6874732,-105.9391981,1,87501,OK,"cafe,establishment,food,point_of_interest,restaurant"
10,ROOFTOP,"2957 Co Rd 1174, Sulphur Springs, TX 75482, USA",ChIJ-QFB0JcuSoYRUtZfi3EGoBM,Sprig Inc,33.0648868,-95.6502017,1,75482,OK,"establishment,food,point_of_interest"
11,ROOFTOP,"2860 Lavista Rd, Decatur, GA 30033, USA",ChIJa2CPO-oH9YgR-TobcNUglUQ,Sprig,33.825651,-84.289474,1,30033,OK,"bar,establishment,food,point_of_interest,restaurant"
12,,,,Teapenter,,,0,,ZERO_RESULTS,
13,ROOFTOP,"1454 E Hallandale Beach Blvd, Hallandale Beach, FL 33009, USA",ChIJT23qv4Ks2YgRE23f8CSDfCw,Cafe El Mecato,25.984488,-80.13309,1,33009,OK,"bar,establishment,food,point_of_interest,restaurant"
14,ROOFTOP,"734 Irving St, San Francisco, CA 94122, USA",ChIJAxqLRVyHhYARdi_9fJuKEBI,Yancys Saloon,37.764243,-122.465875,1,94122,OK,"bar,establishment,point_of_interest"
15,,,,Crispy Gals,,,0,,ZERO_RESULTS,
16,,,,Maiya Wilson,,,0,,ZERO_RESULTS,
17,,,,"Salsa 4 All Seasons Inc,",,,0,,ZERO_RESULTS,
18,ROOFTOP,"1021 10th St, Modesto, CA 95354, USA",ChIJueOdJe1TkIARZ6htmK7-6b4,T Cup Cafe,37.640801,-121.0010647,1,95354,OK,"cafe,establishment,food,point_of_interest,restaurant"
19,,,,Refined Simplicity Llc,,,0,,ZERO_RESULTS,
20,ROOFTOP,"11233 E 13th St N, Wichita, KS 67206, USA",ChIJscctKE_8uocRI8lxsQYv_eY,Sumo,37.707992,-97.206492,1,67206,OK,"establishment,food,point_of_interest,restaurant"
21,ROOFTOP,"1801 Haight St, San Francisco, CA 94117, USA",ChIJCRye1FOHhYARZNi7x7aio5c,Cha Cha Cha Restaurant,37.769266,-122.4519974,1,94117,OK,"establishment,food,point_of_interest,restaurant"
22,ROOFTOP,"320 S Boston Ave, Tulsa, OK 74103, USA",ChIJVX0XFnnrtocRyRjP7XpgTxM,Pac Cafe,36.1532535,-95.9899746,1,74103,OK,"establishment,food,point_of_interest,restaurant"
23,ROOFTOP,"110 Robinson St, San Francisco, CA 94124, USA",ChIJIRKL9Ti7j4AR5HAR255_GFY,O'cacao,37.728584,-122.36569,2,94124,OK,"establishment,point_of_interest"
24,ROOFTOP,"704 W Sheridan Ave, Oklahoma City, OK 73102, USA",ChIJdzZBNCsXsocR_b4Ucu09AgI,Postmates,35.4663682,-97.5244859,1,73102,OK,"establishment,point_of_interest"
25,,,,Salsa 4 All Seasons,,,0,,ZERO_RESULTS,
26,ROOFTOP,"101 Montgomery St, San Francisco, CA 94104, USA",ChIJX2yz64mAhYARRK1SdUvrtw0,La Fromagerie,37.79053,-122.402597,1,94104,OK,"establishment,food,point_of_interest,restaurant,store"
27,ROOFTOP,"6927 S Canton Ave, Tulsa, OK 74136, USA",ChIJty4da2iStocRdGyV3xPyRHk,Lion Pub The,36.061818,-95.918396,1,74136,OK,"bar,establishment,food,point_of_interest,restaurant"
28,ROOFTOP,"1725 Haight St, San Francisco, CA 94117, USA",ChIJ4RMby1OHhYARsGxnl40kWbg,The Alembic,37.7693221,-122.4511197,1,94117,OK,"bar,establishment,food,point_of_interest,restaurant"
29,ROOFTOP,"5201 W Reno Ave e, Oklahoma City, OK 73127, USA",ChIJzxYfzSkQsocRml8zKbice0M,Simplot,35.4658986,-97.6105659,1,73127,OK,"establishment,point_of_interest"
30,ROOFTOP,"21515 S Western Ave, Torrance, CA 90501, USA",ChIJcwnRI6VK3YARk4qcV_gCjyM,Mifune Restaurant,33.8334388,-118.3099721,1,90501,OK,"establishment,food,point_of_interest,restaurant"
31,ROOFTOP,"1200 Vermont St, San Francisco, CA 94110, USA",ChIJsfPWDEt-j4ARPYu3pocOZhE,Uni's Deli,37.754361,-122.403707,1,94110,OK,"establishment,food,meal_takeaway,point_of_interest,restaurant"
32,ROOFTOP,"4130 Monroeville Blvd, Monroeville, PA 15146, USA",ChIJ8Rz-0TzqNIgRBaRVEQdtXB8,The Amore Company,40.433998,-79.765829,1,15146,OK,"establishment,point_of_interest"
33,ROOFTOP,"2 Beach St, San Francisco, CA 94133, USA",ChIJHSGzi_yAhYARqqXmfQgdZiA,Forbes Island Corp,37.8105852,-122.4124431,1,94133,OK,"establishment,point_of_interest"
34,,,,Original Mccarthys,,,0,,ZERO_RESULTS,
35,ROOFTOP,"1850 Gateway Dr #500, San Mateo, CA 94404, USA",ChIJ_Sa5YbKYj4AR9DPs1Nqk-t4,Guckenheimer @ Google - Rincon Coffee Bar,37.5567138,-122.280084,1,94404,OK,"establishment,point_of_interest"
36,ROOFTOP,"1190 Mission St, San Francisco, CA 94103, USA",ChIJ12HgSoOAhYAREab6pIUCa90,2191 Mission St Apts,37.777867,-122.4130596,1,94103,OK,"establishment,point_of_interest"
37,ROOFTOP,"7674 McCart Ave, Fort Worth, TX 76133, USA",ChIJUQFghTZsToYRWG1YfV4q9Yw,Tastebuds,32.631439,-97.37050599999999,1,76133,OK,"cafe,establishment,food,point_of_interest,restaurant"
38,ROOFTOP,"200 Main St, Lincoln Park, NJ 07035, USA",ChIJ2XvxBPwDw4kRh-NlmTebG4Y,Kenko: Sustainable Sushi Catering,40.923009,-74.3054224,1,07035,OK,"establishment,food,point_of_interest,restaurant"
39,ROOFTOP,"1036 W Main St, Cherryvale, KS 67335, USA",ChIJWXiesF4vuIcRlye0wk7KN8c,Simple,37.2691843,-95.5666603,1,67335,OK,"establishment,food,point_of_interest,restaurant"
40,,,,Sweet Givings,,,0,,ZERO_RESULTS,
41,ROOFTOP,"9832 N 7th St #1, Phoenix, AZ 85020, USA",ChIJM7GIKpxtK4cREmlcwnlRJcA,Scramble!,33.576281,-112.065419,1,85020,OK,"establishment,food,point_of_interest,restaurant"
42,ROOFTOP,"1599 Sanchez St, San Francisco, CA 94131, USA",ChIJ3_kUO2l-j4ARSvMC66FNsiY,Alice Chinese Bistro,37.7437078,-122.4287059,2,94131,OK,"establishment,food,point_of_interest,restaurant"
43,ROOFTOP,"10906 E 71st St, Tulsa, OK 74133, USA",ChIJtWcvoUyMtocRvNlqLNsyysw,T & T Cafe,36.0603507,-95.8545307,1,74133,OK,"electronics_store,establishment,point_of_interest,store"
44,ROOFTOP,"2301 7th St # A102, Los Angeles, CA 90023, USA",ChIJTXy-zR3GwoAR5HVowCPsvsw,Postmates Inc,34.0345376,-118.222524,1,90023,OK,"establishment,point_of_interest"
45,ROOFTOP,"316 S Rogers St, Clarksville, AR 72830, USA",ChIJAbKYu1RqzIcRi-T9zSKfp80,The Cake House,35.4671287,-93.4593285,1,72830,OK,"bakery,establishment,food,point_of_interest,store"
46,ROOFTOP,"113 W Walnut St, Ogden, IA 50212, USA",ChIJ0aAOMq3H7YcRQx9KR-3MMEo,Lucky Pig,42.0392899,-94.0290291,2,50212,OK,"bar,establishment,food,point_of_interest,restaurant"
47,ROOFTOP,"9 E 37th St, New York, NY 10016, USA",ChIJHweSsgBZwokRloB86aLgrzE,Fine And Rare,40.7501584,-73.98219449999999,1,10016,OK,"bar,establishment,food,point_of_interest,restaurant"
48,ROOFTOP,"2331 Chestnut St, San Francisco, CA 94123, USA",ChIJDeuYO9SAhYARSeppEW5sFAI,Chestnut St Coffee Roastery,37.799901,-122.4417471,1,94123,OK,"cafe,establishment,food,point_of_interest,store"
49,ROOFTOP,"4956 S 28th Ave, Minneapolis, MN 55417, USA",ChIJBWXDsfYo9ocRMTk01wg3VAY,Beach Coffee & Tea,44.9127863,-93.23249,1,55417,OK,"cafe,establishment,food,point_of_interest,store"
50,ROOFTOP,"1418 Lombard St, San Francisco, CA 94123, USA",ChIJXSGVnd2AhYARF_f28vlbVhI,Vikings Giant Submarines,37.8014237,-122.4250826,2,94123,OK,"establishment,food,meal_takeaway,point_of_interest,restaurant"
51,ROOFTOP,"961 W Ray Rd, Chandler, AZ 85225, USA",ChIJAcR0CGEHK4cRMmj1dBRjjV4,Tumi - Peruvian Bakery,33.3199663,-111.8582254,1,85225,OK,"establishment,food,point_of_interest,restaurant"
52,ROOFTOP,"6439 California St, San Francisco, CA 94121, USA",ChIJ4cnLowaHhYAR-Vj7nCfwL6A,Tal-Y-Tara,37.7836984,-122.4868026,1,94121,OK,"cafe,establishment,food,point_of_interest,restaurant,store"
53,ROOFTOP,"784 E Green St, Pasadena, CA 91101, USA",ChIJdWOvcl3DwoARDy1LFFx5KSs,Tarantinos Inc,34.1442727,-118.134209,1,91101,OK,"establishment,food,point_of_interest,restaurant"
54,ROOFTOP,"6-10 Bruton St, Mayfair, London W1J 6PU, UK",ChIJjaiFzCsFdkgROGbk4c_a-2k,The Square Restaurant,51.5107704,-0.1439859,1,W1J 6PU,OK,"bar,establishment,food,point_of_interest,restaurant"
55,ROOFTOP,"3253 Mission St, San Francisco, CA 94110, USA",ChIJBUoxEUN-j4ARGkNNrEbTCbg,Jasmine Tea House,37.7447285,-122.420276,2,94110,OK,"establishment,food,point_of_interest,restaurant"
56,ROOFTOP,"610 Crescent Executive Ct #110, Lake Mary, FL 32746, USA",ChIJzcH_trdy54gRIqo72E3s5iQ,Limu & Shoyu,28.760544,-81.36007,1,32746,OK,"establishment,point_of_interest"
57,ROOFTOP,"2 Galleria Pkwy #1c-27, Atlanta, GA 30339, USA",ChIJHdM2l0gQ9YgRiQL2bpCBNrY,5478-Murphs Food Stand,33.883224,-84.466528,1,30339,OK,"establishment,food,point_of_interest,restaurant"
58,,,,5479-Jose Garcia Edsel Fong Wine Bar Stand,,,0,,ZERO_RESULTS,
59,ROOFTOP,"13327 IL-59, Plainfield, IL 60585, USA",ChIJl7dlMrL1DogRkYsIm5lKRNk,5647-Doggie Diner Stand,41.6398235,-88.2023256,1,60585,OK,"bakery,establishment,food,point_of_interest,restaurant,store"
60,,,,"5651-Bon Appetit Room-Murphy,derby Grill,giuseppe,mashis",,,0,,ZERO_RESULTS,
61,APPROXIMATE,"Orange Grove, TX 78372, USA",ChIJsS_xBeTAZ4YRV--YL263p54,78372-Outta Here Cheesesteak,27.9923919,-98.06834300000001,1,78372,OK,postal_code
62,,,,78373-Vintage 58 Wine Cart,,,0,,ZERO_RESULTS,
63,,,,79003-Portable Bar Mixed Drinks,,,0,,ZERO_RESULTS,
64,,,,79005-Margarita Cart,,,0,,ZERO_RESULTS,
65,,,,79006-Stella Draft Beer Cart,,,0,,ZERO_RESULTS,
66,ROOFTOP,"2155 Bayshore Blvd, San Francisco, CA 94134, USA",ChIJA6pkjid_j4AR9El-GfzkEPM,Piccolo Pete,37.7126369,-122.4007724,1,94134,OK,"cafe,establishment,food,point_of_interest,store"
67,,,,Lovessy,,,0,,ZERO_RESULTS,
68,ROOFTOP,"2337 Irving St, San Francisco, CA 94122, USA",ChIJE0P_XXCHhYARpM8GqjXNeno,Lam Hoa Thuan Restaurant,37.7631378,-122.4831763,1,94122,OK,"establishment,food,point_of_interest,restaurant"
69,APPROXIMATE,"San Francisco, CA, USA",ChIJIQBpAG2ahYAR_6128GcTUEo,Scramble Sf,37.7749295,-122.4194155,1,,OK,"locality,political"
70,ROOFTOP,"9832 N 7th St #1, Phoenix, AZ 85020, USA",ChIJM7GIKpxtK4cREmlcwnlRJcA,Scramble,33.576281,-112.065419,1,85020,OK,"establishment,food,point_of_interest,restaurant"
71,ROOFTOP,"523 Broadway, San Francisco, CA 94133, USA",ChIJSSkRYfSAhYARx_k1qS7edIQ,Urban Curry,37.7978585,-122.4059565,1,94133,OK,"establishment,food,point_of_interest,restaurant"
72,ROOFTOP,"1800 E 23rd St, Lawrence, KS 66046, USA",ChIJl6y18hFmv4cR-TWuDxcv1co,Z Coffee & Tea Llc,38.943419,-95.21284399999999,1,66046,OK,"cafe,establishment,food,point_of_interest,store"
73,ROOFTOP,"215 W 11th St, Coffeyville, KS 67337, USA",ChIJsaYUj_aEt4cR0AJSouUUoZM,Kentucky Fried Chicken,37.0326621,-95.6187645,1,67337,OK,"establishment,food,point_of_interest,restaurant"
74,ROOFTOP,"1350 SE Washington Blvd, Bartlesville, OK 74006, USA",ChIJeakXeTESt4cRZP2K26-QEak,Hunan Restaurant,36.7341294,-95.9344902,1,74006,OK,"establishment,food,point_of_interest,restaurant"
75,ROOFTOP,"1153 Valencia St, San Francisco, CA 94110, USA",ChIJy0CzBT9-j4ARIUEOOmOPji0,El Valenciano Restaurant Llc,37.754529,-122.420771,1,94110,OK,"bar,establishment,food,night_club,point_of_interest,restaurant"
76,ROOFTOP,"659 Merchant St, San Francisco, CA 94111, USA",ChIJjQ0kIYuAhYARfHg4JGFMOOQ,Alfred's Steakhouse,37.7948867,-122.404262,1,94111,OK,"bar,establishment,food,point_of_interest,restaurant"
77,ROOFTOP,"1702 Post St, San Francisco, CA 94115, USA",ChIJn1sm1LiAhYARosRri7ggk3w,Sanppo Restaurant,37.7857866,-122.4301854,1,94115,OK,"establishment,food,point_of_interest,restaurant"
78,ROOFTOP,"2515 E Arkansas Ln #150, Arlington, TX 76010, USA",ChIJOf6C8NuHToYR6yDAmHz1wRE,Thanh Thanh,32.7077963,-97.0660893,1,76010,OK,"establishment,food,point_of_interest,restaurant"
79,ROOFTOP,"70 W Alexandrine St, Detroit, MI 48201, USA",ChIJxRCi4kMtO4gRzx4hNVS2FSg,Le Zinc,42.350274,-83.0614118,1,48201,OK,"cafe,establishment,food,point_of_interest,restaurant"
80,ROOFTOP,"347 Presidio Ave, San Francisco, CA 94118, USA",ChIJP_8MPBV-j4ARrB65PMFjA-Y,Garibaldis On Presidio,37.7884566,-122.4471931,1,94118,OK,"establishment,food,point_of_interest,restaurant"
81,ROOFTOP,"1012 S Meridian Ave, Oklahoma City, OK 73108, USA",ChIJJT9-e80RsocRMtHxO3hVA2o,Zapata Mexican Grill,35.455587,-97.600673,1,73108,OK,"establishment,food,point_of_interest,restaurant"
82,ROOFTOP,"313 Nixon Dr, Immokalee, FL 34142, USA",ChIJ5cct-Rak24gR2AsbblB51Ig,Viva Pizza Restaurant,26.4238156,-81.4138519,1,34142,OK,"establishment,food,meal_delivery,meal_takeaway,point_of_interest,restaurant"
83,ROOFTOP,"1405 Locust St, Philadelphia, PA 19102, USA",ChIJj8GtQSXGxokRikbyQT3QPtI,Estia Restaurant,39.948459,-75.16525519999999,1,19102,OK,"bar,establishment,food,point_of_interest,restaurant"
84,ROOFTOP,"316 Columbus Ave, San Francisco, CA 94133, USA",ChIJcVOzd_SAhYARPwV-jR8k5Ps,Greco Roman Catering,37.7983666,-122.4069285,2,94133,OK,"establishment,food,point_of_interest,restaurant"
85,ROOFTOP,"1701 E 37th Ave, Hobart, IN 46342, USA",ChIJmaktKb_qEYgRqH3A1LcQ7dI,Paragon Restaurant & Bar,41.5503066,-87.2372606,1,46342,OK,"establishment,food,point_of_interest,restaurant"
86,ROOFTOP,"219 W Main St, Cherryvale, KS 67335, USA",ChIJcY91J_IluIcR_wH4s8rJ6rY,Dave's,37.2687338,-95.5538571,1,67335,OK,"car_repair,establishment,point_of_interest"
87,,,,Inner Circle Entertnmnt Ii Inc,,,0,,ZERO_RESULTS,
88,ROOFTOP,"420 Mason St, San Francisco, CA 94109, USA",ChIJPdWN946AhYARTBj2TvNrctQ,Ruby Skye,37.7875634,-122.4096432,1,94109,OK,"bar,establishment,night_club,point_of_interest"
89,ROOFTOP,"1919 Alliant Energy Center Way, Madison, WI 53713, USA",ChIJkZV4YMJSBogRRnOj6s46WF0,Centerplate,43.0444112,-89.380696,1,53713,OK,"establishment,food,point_of_interest,restaurant"
90,ROOFTOP,"314 E McPherson St, Kirksville, MO 63501, USA",ChIJ8YNIhn4O6IcRRcRxopVx7H8,Sb40,40.1937123,-92.58015789999999,1,63501,OK,"establishment,point_of_interest"
91,GEOMETRIC_CENTER,"Japan, 〒106-0032 Tokyo, Minato, 六本木５丁目７−８",ChIJW-JAr52LGGARVQMO8QPamj4,Fukuzushi,35.661287,139.733978,1,106-0032,OK,"establishment,food,point_of_interest,restaurant"
92,ROOFTOP,"40 The Embarcadero, San Francisco, CA 94107, USA",ChIJD1E9hdh_j4ARmH59bTjV0qs,Sb40/carmens,37.7819499,-122.387894,1,94107,OK,"bar,establishment,food,point_of_interest,restaurant"
93,ROOFTOP,"1581 Webster St, San Francisco, CA 94115, USA",ChIJZ8d24biAhYARaktk1ZqHiUc,Sapporo-Ya,37.7850458,-122.4320932,1,94115,OK,"establishment,food,point_of_interest,restaurant"
94,ROOFTOP,"3242 E 11th St, Tulsa, OK 74104, USA",ChIJWaCuWR3ttocR_NWKsa_x3Iw,Burger King,36.1475031,-95.94063399999999,1,74104,OK,"establishment,food,point_of_interest,restaurant"
95,ROOFTOP,"2313 W Sunset Ave, Springdale, AR 72762, USA",ChIJ1_FnXKFsyYcRdnlvMgDZNxw,Las Margaritas Restaurant,36.1745123,-94.155789,1,72762,OK,"establishment,food,point_of_interest,restaurant"
96,ROOFTOP,"879 Rue Chartrand, Terrebonne, QC J6W 2M3, Canada",ChIJu3B8GmneyEwRxC2YlSyssCQ,Chez Papa,45.7026227,-73.6316362,1,J6W 2M3,OK,"establishment,food,point_of_interest,restaurant"
97,ROOFTOP,"75 O'Farrell St, San Francisco, CA 94108, USA",ChIJg0DNvYiAhYARdA1xbTX284k,Crepe O Chocolat,37.7865949,-122.4059295,1,94108,OK,"cafe,establishment,food,point_of_interest,store"
98,ROOFTOP,"532 Columbus Ave, San Francisco, CA 94133, USA",ChIJ_S-QdPGAhYARK9Vp6Hsc7qM,Rose Pistola,37.800063,-122.4095948,1,94133,OK,"establishment,food,point_of_interest,restaurant"
99,ROOFTOP,"1123 Van Ness Ave, Torrance, CA 90501, USA",ChIJg_AP2rBK3YARDP40DDixsiY,Sushi Chef Training Center,33.8368944,-118.3161307,2,90501,OK,"establishment,point_of_interest,school"
100,ROOFTOP,"127 Miracle Mile, Coral Gables, FL 33134, USA",ChIJXb2T1Jm32YgRZjNIivNJGeI,Sushiclub.com,25.7499702,-80.25733699999999,1,33134,OK,"establishment,food,point_of_interest,restaurant"
101,GEOMETRIC_CENTER,"8028 South Emerson Avenue BB, Indianapolis, IN 46237, United States",ChIJ5ZgiUEhDa4gRPZbn7f_pHOI,Sushi Club,39.6499412,-86.085501,1,46237,OK,"establishment,food,point_of_interest,restaurant"
102,,,,Neway Investment,,,0,,ZERO_RESULTS,
103,ROOFTOP,"1360 9th Ave, San Francisco, CA 94122, USA",ChIJL-OHLlyHhYARBLN1K_sJA-Q,Nan King Road Bistro,37.762929,-122.466046,1,94122,OK,"establishment,food,point_of_interest,restaurant"
104,ROOFTOP,"1240 9th Ave, San Francisco, CA 94122, USA",ChIJNSlu4FyHhYARr44lSMyERKg,Park Chow,37.7651675,-122.4661859,1,94122,OK,"establishment,food,point_of_interest,restaurant"
105,ROOFTOP,"167 Milford St, Upton, MA 01568, USA",ChIJ2WDIgjAN5IkRJlTN16XJKuY,Jj Ice Cream,42.15938999999999,-71.58285,1,01568,OK,"establishment,food,point_of_interest,store"
106,ROOFTOP,"2942 Lyon St, San Francisco, CA 94123, USA",ChIJ175LNiuHhYAR-jHtD1M-q4g,Liverpool Lils Restaurant,37.7982041,-122.4470139,1,94123,OK,"bar,establishment,food,point_of_interest,restaurant"
107,ROOFTOP,"3506 N MacArthur Blvd, Warr Acres, OK 73122, USA",ChIJ_xVNLVEFsocRndtbeNGgdxs,Zodiac Club,35.5059988,-97.61841369999999,1,73122,OK,"bar,establishment,point_of_interest"
108,ROOFTOP,"2008 S Hydraulic Ave, Wichita, KS 67211, USA",ChIJEWE02HrkuocRNdfqrYaDuo0,The Residence,37.6556461,-97.3158799,1,67211,OK,"establishment,point_of_interest"
109,,,,Damian Produce,,,0,,ZERO_RESULTS,
110,ROOFTOP,"7330 Yonge St, Thornhill, ON L4J 7Y7, Canada",ChIJ02kF-gjU1IkReUgLMCCglyg,Chung King Restaurant,43.8061673,-79.4231879,1,L4J 7Y7,OK,"establishment,food,meal_delivery,meal_takeaway,point_of_interest,restaurant"
111,ROOFTOP,"395 Hayes St, San Francisco, CA 94102, USA",ChIJ1zwRv5iAhYARfLPmj2QB3BU,Caffe Delle Stelle,37.77672949999999,-122.4227056,1,94102,OK,"establishment,food,point_of_interest,restaurant"
112,ROOFTOP,"103 W Kalsched St, Marshfield, WI 54449, USA",ChIJQ10Ggeo6VEARqqLQwH1siJA,Coffee Cabin,44.6790653,-90.16592729999999,1,54449,OK,"cafe,establishment,food,point_of_interest,store"
113,ROOFTOP,"202 E 1st St, Owasso, OK 74055, USA",ChIJ0webLvTwtocRS_khYCd2qAY,Fly,36.2668773,-95.8535381,1,74055,OK,"clothing_store,establishment,home_goods_store,point_of_interest,store"
114,ROOFTOP,"1418 Haight St, San Francisco, CA 94117, USA",ChIJm_vNxayAhYARZmoHJZcx2a4,Best Of Thai Noodle House,37.7703523,-122.445787,1,94117,OK,"establishment,food,point_of_interest,restaurant"
115,APPROXIMATE,United States,ChIJCzYy5IS16lQRQrfeQ5K5Oxw,Etc Enterprise Intl (U.s.a),37.09024,-95.712891,1,,OK,"country,political"
116,APPROXIMATE,United States,ChIJCzYy5IS16lQRQrfeQ5K5Oxw,Chinese Svc Ctr Of No America,37.09024,-95.712891,1,,OK,"country,political"
117,ROOFTOP,"3505 International Pl NW, Washington, DC 20008, USA",ChIJL7SGmM_Jt4kRu95GhETX9t4,China Us Council Promotion Tra,38.9428097,-77.0663637,1,20008,OK,"embassy,establishment,point_of_interest"
118,ROOFTOP,"214 Sound Beach Ave, Old Greenwich, CT 06870, USA",ChIJMW4cTLaYwokRAqen0ZnJ0FU,Oriental Gourmet,41.0315589,-73.5674119,1,06870,OK,"establishment,food,point_of_interest,restaurant"
119,ROOFTOP,"6866 Shady Brook Ln, Dallas, TX 75231, USA",ChIJ01-NU5KfToYRaNCLE5afxiI,Asia-American Restaurant Assn,32.8705925,-96.7624585,1,75231,OK,"establishment,food,point_of_interest,restaurant"
120,ROOFTOP,"3921 Wilshire Blvd # 333, Los Angeles, CA 90010, USA",ChIJx_EJGpC4woARigKW8G-9vTo,American Tour Services,34.0619441,-118.3122996,1,90010,OK,"establishment,point_of_interest,travel_agency"
121,ROOFTOP,"599 Skyline Blvd, San Francisco, CA 94132, USA",ChIJBZW9Bv58j4ARQ3sOPmyg2ms,Hot Dog Bills #1,37.7096556,-122.4973864,2,94132,OK,"cafe,establishment,food,point_of_interest"
122,ROOFTOP,"1318 18th St, San Francisco, CA 94107, USA",ChIJWQuR1Mt_j4ARubOwm4GACik,Blooms Saloon,37.7627985,-122.3960369,1,94107,OK,"bar,establishment,point_of_interest"
123,ROOFTOP,"340 Jefferson St, San Francisco, CA 94133, USA",ChIJ96yO0-OAhYAROJW4bStnv3w,Pompeis Grotto,37.8081283,-122.4181138,1,94133,OK,"establishment,food,point_of_interest,restaurant"
124,,,,Fagan Print Media,,,0,,ZERO_RESULTS,
125,ROOFTOP,"4739 Mission St, San Francisco, CA 94112, USA",ChIJcXhJkIV-j4ARj59y8Z9SveM,4739 Mission St Building,37.7224179,-122.4362511,1,94112,OK,street_address
126,ROOFTOP,"519 Main St, Golden City, MO 64748, USA",ChIJy80Qw8sixocRGSRpj-aXa_4,Golden Coffee,37.3928896,-94.0927887,1,64748,OK,"bakery,cafe,establishment,food,meal_takeaway,point_of_interest,restaurant,store"
127,ROOFTOP,"529 W 6th St, Los Angeles, CA 90014, USA",ChIJaQoDjbTHwoAR-1Dc3mZBsp4,Crepe Express,34.0487004,-118.2549251,1,90014,OK,"cafe,establishment,food,point_of_interest,restaurant,store"
128,ROOFTOP,"1716 Divisadero St, San Francisco, CA 94115, USA",ChIJOypY6MmAhYARM1_bKIKrh9E,Cheese Steak Shop The,37.78565,-122.439727,1,94115,OK,"establishment,food,meal_takeaway,point_of_interest,restaurant"
129,ROOFTOP,"752 Jackson St, San Francisco, CA 94133, USA",ChIJbcVrZ_OAhYAR75zxghr_LcQ,Delicious Dim Sum,37.7960235,-122.4075772,2,94133,OK,"establishment,food,meal_takeaway,point_of_interest,restaurant"
130,ROOFTOP,"3781 Dix Hwy, Lincoln Park, MI 48146, USA",ChIJkUHtqB03O4gRst_N0hX9F08,Cathay House,42.22944,-83.194182,2,48146,OK,"establishment,food,point_of_interest,restaurant"
131,ROOFTOP,"14319 Metcalf Ave, Overland Park, KS 66223, USA",ChIJiwZR3r3BwIcRTSxBYRDf1j0,Pad Thai Restaurant,38.8685675,-94.6667828,1,66223,OK,"establishment,food,point_of_interest,restaurant"
132,ROOFTOP,"12905 E 96th St N, Owasso, OK 74055, USA",ChIJtfzefafwtocR9ZUkklDAHQU,Sams,36.294821,-95.82833310000001,1,74055,OK,"car_repair,establishment,florist,food,health,liquor_store,point_of_interest,store"
133,ROOFTOP,"99 9th St, San Francisco, CA 94103, USA",ChIJo06l5ZyAhYARWmcJFyw2ZQM,Go Getters Deli,37.7764539,-122.4147453,2,94103,OK,"convenience_store,establishment,food,grocery_or_supermarket,liquor_store,point_of_interest,store"
134,ROOFTOP,"100 Gough St, San Francisco, CA 94102, USA",ChIJYbsIEp-AhYAREWUYQMp0oF4,Don Agapito's,37.7742154,-122.4222467,1,94102,OK,"establishment,food,meal_takeaway,point_of_interest,restaurant"
135,ROOFTOP,"9415 Broadway St, Pearland, TX 77584, USA",ChIJ9eW3mhGTQIYRl3LzlJDdIeM,Kappa Restaurant,29.5588463,-95.3660962,2,77584,OK,"establishment,food,point_of_interest,restaurant"
136,ROOFTOP,"3235 3rd St, San Francisco, CA 94124, USA",ChIJp2NrgKZ_j4ARFLcgSP9WypM,Tiki Go Go,37.7485514,-122.3871702,2,94124,OK,"establishment,food,point_of_interest"
137,ROOFTOP,"301 El Camino Real, Millbrae, CA 94030, USA",ChIJtU9AJqV3j4AR-iR5kKLyAg4,Thai Stick,37.6013743,-122.3911917,1,94030,OK,"establishment,food,point_of_interest,restaurant"
138,ROOFTOP,"2001 Fillmore St #8100, San Francisco, CA 94115, USA",ChIJ1yVVvseAhYARUBGiTt998ms,2001 Thai Stick,37.788087,-122.433825,1,94115,OK,"bar,establishment,food,point_of_interest,restaurant"
139,ROOFTOP,"301 El Camino Real, Millbrae, CA 94030, USA",ChIJtU9AJqV3j4AR-iR5kKLyAg4,Thai Stick 4.0,37.6013743,-122.3911917,2,94030,OK,"establishment,food,point_of_interest,restaurant"
140,ROOFTOP,"1825 Irving St, San Francisco, CA 94122, USA",ChIJj2dkgWWHhYAReMxgaDvJN-E,Irving Pizza,37.7633565,-122.4776736,2,94122,OK,"establishment,food,meal_delivery,meal_takeaway,point_of_interest,restaurant"
141,ROOFTOP,"200 Arco Place #401, Independence, KS 67301, USA",ChIJU8SoFUAruIcR-UfsVMU0Oeg,E & O Asian Kitchen,37.2248982,-95.7099399,1,67301,OK,"establishment,lawyer,point_of_interest"
142,,,,Ayi,,,0,,ZERO_RESULTS,
143,ROOFTOP,"22 Peace Plz #505, San Francisco, CA 94115, USA",ChIJN0l8xL6AhYARSud0NcxuhYM,Takara Restaurant,37.785129,-122.4288383,1,94115,OK,"establishment,food,point_of_interest,restaurant"
144,ROOFTOP,"111 Main St, Louisville, NE 68037, USA",ChIJIaSC6YUOlIcRfbQGpWDBx5Q,Mrs T's Cafe,41.0017429,-96.1621593,1,68037,OK,"establishment,food,point_of_interest,store"
145,ROOFTOP,"9150 Alcosta Blvd, San Ramon, CA 94583, USA",ChIJtSaOtkzsj4ARYaeuFIH38-g,New Moon Restaurant,37.729356,-121.931545,1,94583,OK,"establishment,food,point_of_interest,restaurant"
146,ROOFTOP,"983 Valencia St, San Francisco, CA 94110, USA",ChIJKWPHgT5-j4AR7n09cHUpnso,Motze,37.7572426,-122.4210072,1,94110,OK,"establishment,food,point_of_interest,restaurant"
147,,,,Chakratron,,,0,,ZERO_RESULTS,
148,ROOFTOP,"2520 San Bruno Ave, San Francisco, CA 94134, USA",ChIJY1Uq2vx-j4AR1pVaACUbOkA,Hoy Sun Restaurant,37.7296615,-122.4048103,2,94134,OK,"establishment,food,point_of_interest,restaurant"
149,ROOFTOP,"1815 Market St #5, San Francisco, CA 94103, USA",ChIJJ2XZ-Z-AhYARIPyY07HwxVg,Sushi Zone And Deli,37.7711738,-122.4238528,1,94103,OK,"establishment,food,point_of_interest,restaurant"
150,ROOFTOP,"1315 Orange Ave, Coronado, CA 92118, USA",ChIJgUtBPsys3oARfFN5Tquq48I,L'avenida,32.6830264,-117.1784,1,92118,OK,"establishment,lodging,point_of_interest"
151,ROOFTOP,"1103, 2985 N High St, Columbus, OH 43202, United States",ChIJQzMAlhiMOIgRjEPqDeDr1Hg,Lavash,40.0231303,-83.013915,1,43202,OK,"cafe,establishment,food,point_of_interest,restaurant"
152,ROOFTOP,"1300 Noriega St, San Francisco, CA 94122, USA",ChIJlWpYf2KHhYARvr3r7uT-N5s,Golden Island Cafe,37.7543148,-122.4777159,1,94122,OK,"establishment,food,point_of_interest,restaurant,store"
153,ROOFTOP,"333 Geary St, San Francisco, CA 94102, USA",ChIJlcEqGY-AhYARXitRNdKphDc,Lefty O'doul's,37.7871974,-122.4087708,1,94102,OK,"bar,establishment,food,point_of_interest,restaurant"
154,ROOFTOP,"64 Pleasant St, Malden, MA 02148, USA",ChIJhS42a2Fx44kRFyr3qAYqv2A,All Season Sushi,42.4267844,-71.06899400000002,1,02148,OK,"bar,establishment,food,point_of_interest,restaurant"
155,ROOFTOP,"1400 Jackson St, San Francisco, CA 94109, USA",ChIJ-ZZTduyAhYARzyxellr3s6Q,Sun Kwong Restaurant,37.794673,-122.4183718,1,94109,OK,"establishment,food,point_of_interest,restaurant"
156,ROOFTOP,"176 Wyckoff Rd, Eatontown, NJ 07724, USA",ChIJ6_HdUaAvwokRZcVNDjWOYjQ,All Season Restaurant,40.2914586,-74.0552033,1,07724,OK,"establishment,food,point_of_interest,restaurant"
157,GEOMETRIC_CENTER,"The Bight Settlement TKCA 1ZZ, Turks and Caicos Islands",ChIJq6qqqlpIS4kRQlBsilGhcKI,Bay Bistro,21.7942661,-72.1900466,1,TKCA 1ZZ,OK,"establishment,food,point_of_interest,restaurant"
158,ROOFTOP,"5479 Mission St, San Francisco, CA 94112, USA",ChIJA-wlyZ1-j4AR-KFaXLqo6dE,Reinas Restaurant,37.71289,-122.4442617,1,94112,OK,"establishment,food,point_of_interest,restaurant"
159,ROOFTOP,"502 S Kaufman St, Ennis, TX 75119, USA",ChIJaTA6bALbToYRw4DwXzLJ0pc,Taqueria Reina's,32.3258283,-96.62194559999999,1,75119,OK,"establishment,food,point_of_interest,restaurant"
160,ROOFTOP,"372 Ritch St, San Francisco, CA 94107, USA",ChIJp6rAONZ_j4ARGjYv9FLjITU,Cento 330 Ritch Street,37.7787767,-122.3939093,1,94107,OK,"cafe,establishment,food,point_of_interest,store"
161,ROOFTOP,"1307 Sutter St, San Francisco, CA 94109, USA",ChIJy-FXpZWAhYARoKXXDQdme5w,Wok Shop Cafe,37.7874047,-122.4221456,1,94109,OK,"cafe,establishment,food,point_of_interest,restaurant"
162,ROOFTOP,"885 Bryant St, San Francisco, CA 94103, USA",ChIJJz14VSp-j4ARbjv3dt0d_Dw,Caffe Roma Coffee Roasting Co,37.77453149999999,-122.4042164,2,94103,OK,"cafe,establishment,food,point_of_interest,store"
163,ROOFTOP,"1900 Barker Ave, Lawrence, KS 66046, USA",ChIJy2X4Eaxov4cRKOc8UGdIs1U,Lawrence Bakery Cafe,38.9498477,-95.2326346,1,66046,OK,"bakery,cafe,establishment,food,point_of_interest,restaurant,store"
164,ROOFTOP,"3285 21st St, San Francisco, CA 94110, USA",ChIJc0h8hT5-j4ARagQN3BBxxIA,Jays Cheesesteak #2,37.756797,-122.42077,1,94110,OK,"establishment,food,point_of_interest,restaurant"
165,ROOFTOP,"2002 P St NW, Washington, DC 20036, USA",ChIJSVG8fsi3t4kRsYJ0q0n3kDg,Pesce,38.9095093,-77.0451162,1,20036,OK,"bar,establishment,food,point_of_interest,restaurant"
166,ROOFTOP,"123 Mission St, San Francisco, CA 94105, USA",ChIJRXKTZmSAhYARQKusI7eUxTs,City Kinetics,37.7918328,-122.3944315,1,94105,OK,"establishment,food,point_of_interest,store"
167,ROOFTOP,"514 S 69th St, Upper Darby, PA 19082, USA",ChIJt-41LDbBxokRsdB4ylmiwnU,Chick-N-Deli,39.9517664,-75.25630269999999,1,19082,OK,"establishment,food,liquor_store,point_of_interest,store"
168,,,,Donna's Tamales,,,0,,ZERO_RESULTS,
169,ROOFTOP,"93 Monkstown Rd, Monkstown, Co. Dublin, Ireland",ChIJwXwLrJkIZ0gR2gpedASOf4c,Vivien Walsh,53.2937806,-6.1553551,1,,OK,"establishment,jewelry_store,point_of_interest,store"
170,ROOFTOP,"1017, 610 N Cedar St, Mason, MI 48854, United States",ChIJe5UT4EPFIogRcwLdmBmYX7A,Won Mi Restaurant,42.5883873,-84.45531299999999,1,48854,OK,"establishment,food,point_of_interest,restaurant"
171,ROOFTOP,"1600 Saratoga Ave # 119, San Jose, CA 95129, USA",ChIJRYH3xqvKj4AR1hbRRGmakM8,Sushi Boat Restaurant,37.2925767,-121.9889311,1,95129,OK,"establishment,food,point_of_interest,restaurant"
172,ROOFTOP,"3481 AR-112, Fayetteville, AR 72704, USA",ChIJDdDDncxtyYcRJlT5GdlvFI8,Bio,36.1159836,-94.185352,1,72704,OK,"establishment,point_of_interest"
173,ROOFTOP,"2840 Mission St, San Francisco, CA 94110, USA",ChIJu67sm2B-j4ARI2pDXxbo0FA,La Loma Produce #8,37.7514152,-122.4186062,1,94110,OK,"establishment,food,grocery_or_supermarket,point_of_interest,store"
174,ROOFTOP,"150 Bellam Blvd # 210, San Rafael, CA 94901, USA",ChIJQ3ijpzCahYARytx0hTi83tg,Les Croissant,37.9610512,-122.5027477,1,94901,OK,"establishment,food,meal_takeaway,point_of_interest,restaurant"
175,ROOFTOP,"1840 Geary Blvd, San Francisco, CA 94115, USA",ChIJ7WGmtLmAhYAR5DWwqFdmpHI,Les Croissants Cafe,37.7845651,-122.4336343,2,94115,OK,"bakery,cafe,establishment,food,point_of_interest,store"
176,ROOFTOP,"684 Broadway, San Francisco, CA 94133, USA",ChIJrZ1VlvOAhYAREB98elppsV8,Broadway Dim Sum Cafe,37.7977973,-122.4083696,1,94133,OK,"cafe,establishment,food,point_of_interest,restaurant"
177,ROOFTOP,"270 NJ-35, Red Bank, NJ 07701, USA",ChIJaeMKja4xwokRWX8jfm9yMNE,Kaplan Emily M,40.365983,-74.0840101,1,07701,OK,"doctor,establishment,health,point_of_interest"
178,ROOFTOP,"5007, 3230 Mission St, San Francisco, CA 94110, United States",ChIJf3O2KkN-j4ARz0xAx-3_q1A,Emmys Spaghetti Shack,37.7450653,-122.4205286,1,94110,OK,"establishment,food,point_of_interest,restaurant"
179,ROOFTOP,"900 Bush St, San Francisco, CA 94109, USA",ChIJTx1U842AhYARoBxFLA-zpFI,Izakaya Ninja,37.7898447,-122.4123962,1,94109,OK,"establishment,food,point_of_interest,restaurant"
180,ROOFTOP,"2223 Louisiana St, Lawrence, KS 66046, USA",ChIJuZ-PU7dov4cRaHJhaKZBj4s,Sushi Rika,38.9435517,-95.2424942,1,66046,OK,"establishment,food,point_of_interest,restaurant"
181,ROOFTOP,"300 N Mead #108, Wichita, KS 67202, USA",ChIJ7wipC7_juocRtMEME8Uuprw,Lemongrass,37.6902767,-97.3285283,1,67202,OK,"establishment,food,point_of_interest,restaurant"
182,ROOFTOP,"7316 W 80th St, Overland Park, KS 66204, USA",ChIJ51dB4HPswIcRpeJtouOdF5E,Lemongrass Thai Cuisine,38.984252,-94.67076999999999,1,66204,OK,"establishment,food,point_of_interest,restaurant"
183,ROOFTOP,"4609 Mission St, San Francisco, CA 94112, USA",ChIJ-8ISVo9-j4ARcDfPtEr-cqM,Babys Eatery & Palabok,37.724433,-122.4347249,1,94112,OK,"establishment,food,point_of_interest,restaurant"
184,ROOFTOP,"121 E Tulsa Ave, Kansas, OK 74347, USA",ChIJL_B-zKPByYcRqTP49XLGBU4,Harvest & Rowe,36.2051698,-94.79860289999999,1,74347,OK,"establishment,food,point_of_interest,restaurant"
185,ROOFTOP,"444 Jessie St, San Francisco, CA 94103, USA",ChIJ0d_oM4SAhYARBEpg3smg0nI,Mezzanine Sf,37.78248430000001,-122.4080736,1,94103,OK,"establishment,night_club,point_of_interest"
186,APPROXIMATE,United States,ChIJCzYy5IS16lQRQrfeQ5K5Oxw,Congregation,37.09024,-95.712891,1,,OK,"country,political"
187,ROOFTOP,"201 SE Washington Blvd, Bartlesville, OK 74006, USA",ChIJwRJGgFESt4cR2M8H4mJGBVY,Food & Liquor World Inc,36.754922,-95.93605960000001,1,74006,OK,"establishment,food,point_of_interest,restaurant"
188,ROOFTOP,"4054 24th St, San Francisco, CA 94114, USA",ChIJ5yvkUBJ-j4ARr0zUQ558daA,Valley Tavern,37.7514932,-122.4331805,1,94114,OK,"bar,establishment,point_of_interest"
189,ROOFTOP,"1570 Greenwich St, San Francisco, CA 94123, USA",ChIJv6SlE92AhYARYqAFedpf23Y,Hergl School,37.8003676,-122.425773,1,94123,OK,"establishment,point_of_interest,school"
190,ROOFTOP,"2901 E Randol Mill Rd, Arlington, TX 76011, USA",ChIJW4k7lQaHToYRgBnc8Nhq8Yg,Roys Restaurant Services Inc,32.7495653,-97.0565314,1,76011,OK,"establishment,point_of_interest,store"
191,ROOFTOP,"1911 S Springfield Ave, Bolivar, MO 65613, USA",ChIJ8W68wea_xYcRaSs17uai82U,Burger King Rest,37.5962885,-93.40330879999999,1,65613,OK,"establishment,food,point_of_interest,restaurant"
192,ROOFTOP,"5000 Belt Line Rd #775, Dallas, TX 75254, USA",ChIJCdq2QDohTIYRcmRn5noVeEY,Kenny's Restaurant,32.9533874,-96.8235911,1,75254,OK,"bar,establishment,food,point_of_interest,restaurant"
193,ROOFTOP,"11033 Santa Monica Blvd, Los Angeles, CA 90025, USA",ChIJxe5Vd3e7woARn4pLCGK4mzM,Pita's Cafe,34.04854230000001,-118.4428362,1,90025,OK,"establishment,food,point_of_interest,restaurant"
194,ROOFTOP,"715 N University Ave, Ann Arbor, MI 48104, USA",ChIJ14yhk0CuPIgRUhPw_qYFA_w,Mezes,42.2787476,-83.73995289999999,1,48104,OK,"establishment,food,point_of_interest,restaurant"
195,ROOFTOP,"2373 Chestnut St, San Francisco, CA 94123, USA",ChIJnxOWONSAhYARjPbct36LP3k,Mezes Greek Kitchen,37.7999564,-122.4423755,1,94123,OK,"bar,establishment,food,point_of_interest,restaurant"
196,ROOFTOP,"316 E Winnie Ln, Carson City, NV 89706, USA",ChIJmxXRP5UKmYAR4EGXdEz5RdU,"La Santaneca, Inc",39.1796008,-119.7639279,2,89706,OK,"establishment,food,point_of_interest,restaurant"
197,GEOMETRIC_CENTER,"Golden Gate Bridge, Golden Gate Bridge, San Francisco, CA, USA",ChIJw____96GhYARCVVwg5cT7c0,Golden Gate Artist Films,37.8199286,-122.4782551,1,,OK,"establishment,point_of_interest"
198,ROOFTOP,"5170 Mission St, San Francisco, CA 94112, USA",ChIJuyphm5x-j4ARy3_iRSo0yjA,Boos Voni,37.7160255,-122.4415525,1,94112,OK,"establishment,food,point_of_interest,restaurant"
199,,,,Triple Take Productions,,,0,,ZERO_RESULTS,
200,ROOFTOP,"517 Castro St, San Francisco, CA 94114, USA",ChIJZ-IoLxt-j4AR2WQKV7ESwZk,The Sausage Factory,37.7605104,-122.434702,1,94114,OK,"establishment,food,point_of_interest,restaurant"
201,ROOFTOP,"2406, 1516 W Baltimore St, Baltimore, MD 21223, United States",ChIJr6QDKqscyIkRusu2dn5JDgg,Bills Place,39.288561,-76.64157260000002,1,21223,OK,"establishment,food,meal_takeaway,point_of_interest,restaurant"
202,ROOFTOP,"791 O'Farrell St, San Francisco, CA 94109, USA",ChIJYx9WJZGAhYAR811qc4XVsi0,Bang San Thai Cuisine,37.7850394,-122.4174815,1,94109,OK,"establishment,food,meal_takeaway,point_of_interest,restaurant"
203,ROOFTOP,"100 S Main St, Brownstown, IN 47220, USA",ChIJx-g7_ffsa4gRKcNkeRtBTsw,Blondies Pizza,38.879173,-86.042181,1,47220,OK,"establishment,food,point_of_interest,restaurant"
204,ROOFTOP,"13212 Craig St, Overland Park, KS 66213, USA",ChIJOzUg4tbBwIcR0CQxi-Ba-nE,Muffins Muffins,38.8906058,-94.6787272,1,66213,OK,"establishment,point_of_interest"
205,ROOFTOP,"5143, 4535 W Walnut St, Garland, TX 75042, United States",ChIJSYSkqDYeTIYRztTJUsHvVbY,My Canh Restaurant,32.916923,-96.70103499999999,1,75042,OK,"establishment,food,point_of_interest,restaurant"
206,ROOFTOP,"398 Dolores St, San Francisco, CA 94110, USA",ChIJGX6--xh-j4ARUggmRyhlmmU,Maxfield's House Of Caffeine,37.7631654,-122.4265493,1,94110,OK,"cafe,establishment,food,point_of_interest,store"
207,ROOFTOP,"1825 Irving St, San Francisco, CA 94122, USA",ChIJj2dkgWWHhYAReMxgaDvJN-E,Irving Pizza #3,37.7633565,-122.4776736,2,94122,OK,"establishment,food,meal_delivery,meal_takeaway,point_of_interest,restaurant"
208,ROOFTOP,"3244 Scott St, San Francisco, CA 94123, USA",ChIJTwfdH9SAhYARZ81VKKq8GdY,Sf Hole In The Wall Pizza,37.7999155,-122.4409171,1,94123,OK,"establishment,food,meal_delivery,meal_takeaway,point_of_interest,restaurant"
209,ROOFTOP,"2885 Diamond St, San Francisco, CA 94131, USA",ChIJO-V_Z2N-j4ARgYDjSqP8z4o,Bello Coffee & Tea,37.7337777,-122.4339156,1,94131,OK,"cafe,establishment,food,point_of_interest,store"
210,ROOFTOP,"622 Jackson St, San Francisco, CA 94133, USA",ChIJU2Zbx_SAhYAR7aFe2VCWlrc,Hunan Homes Restaurant,37.796237,-122.405629,2,94133,OK,"establishment,food,point_of_interest,restaurant"
211,ROOFTOP,"3441 E Harry St, Wichita, KS 67218, USA",ChIJ7yKT85zkuocRwPpNEqUvxT8,Sandwich Co The,37.6643088,-97.2953204,1,67218,OK,"establishment,food,meal_takeaway,point_of_interest,restaurant"
212,ROOFTOP,"14041 N May Ave, Oklahoma City, OK 73134, USA",ChIJPcw27l8csocRd6-AVNtm8Jo,Shiki,35.6131579,-97.56799559999999,1,73134,OK,"establishment,food,point_of_interest,restaurant"
213,ROOFTOP,"3108 16th St, San Francisco, CA 94103, USA",ChIJ602wRiJ-j4ARyuqE3Gwg1Ns,Giordano Bros,37.7650551,-122.4223095,1,94103,OK,"bar,establishment,food,meal_takeaway,point_of_interest,restaurant"
214,ROOFTOP,"2451 Shattuck Ave, Berkeley, CA 94704, USA",ChIJJ--38oJ-hYAR9cLV5l6yhRU,Herbivore The Earthly Grill,37.8648013,-122.2671933,1,94704,OK,"bar,establishment,food,meal_takeaway,point_of_interest,restaurant"
215,ROOFTOP,"315 E Hurst Blvd, Hurst, TX 76053, USA",ChIJV4yJAsd-ToYRk8TfTVg8W6g,Mama Spice,32.8093882,-97.1651286,1,76053,OK,"establishment,food,point_of_interest,restaurant"
216,ROOFTOP,"4754 Mission St, San Francisco, CA 94112, USA",ChIJFdfPvIV-j4AR7-380soL4hs,Mama Art Cafe,37.7220503,-122.4371173,1,94112,OK,"art_gallery,cafe,establishment,food,point_of_interest"
217,ROOFTOP,"88 Belden Pl, San Francisco, CA 94104, USA",ChIJ4YZlLoqAhYARwZmXLFycRuw,Brindisi Cucina Di Mare,37.7916503,-122.4037964,1,94104,OK,"bar,establishment,food,point_of_interest,restaurant"
218,ROOFTOP,"1020 Barrett Lake Rd, Dulzura, CA 91917, USA",ChIJ54K_vIFr2YARdGjUw6gm3pw,Barrett Cafe,32.6118203,-116.7066228,1,91917,OK,"establishment,food,point_of_interest,restaurant"
219,ROOFTOP,"401 N Veterans Pkwy, Bloomington, IL 61704, USA",ChIJc8H4_w1wC4gRVPmeMFyXD2I,"Hotwok Express, Inc.",40.4828901,-88.95053539999999,1,61704,OK,"establishment,food,point_of_interest,restaurant"
220,ROOFTOP,"328 Wellington St W, Toronto, ON M5V 3T4, Canada",ChIJmREQ5dk0K4gR8iSmKhEOp2k,Sen5es,43.6447949,-79.3919859,1,M5V 3T4,OK,"bakery,bar,cafe,establishment,food,point_of_interest,restaurant,store"
221,ROOFTOP,"3005, 525 Commercial St, San Francisco, CA 94111, United States",ChIJ9XHahoqAhYARaiBAx11J3p4,Tlaloc Sabor Mexicano,37.7943185,-122.4018681,1,94111,OK,"establishment,food,point_of_interest,restaurant"
222,ROOFTOP,"2831 N Greenwich Rd, Wichita, KS 67226, USA",ChIJz-QENGDhuocRDteYrK-UqK8,Range,37.73528160000001,-97.2085116,1,67226,OK,"establishment,health,point_of_interest,store"
223,,,,Goza Goza Taco,,,0,,ZERO_RESULTS,
224,ROOFTOP,"700 Grant Ave, San Francisco, CA 94108, USA",ChIJMQgObouAhYARG_ROpgr3NNg,Floating Sushi Boat,37.79348890000001,-122.4060745,1,94108,OK,"establishment,food,point_of_interest,restaurant"
225,ROOFTOP,"4148 S 25th W Ave, Tulsa, OK 74107, USA",ChIJBZ4TN9eUtocRUw4DKA_E0T4,Fork & Spoon Productions Llc,36.102811,-96.020851,1,74107,OK,"establishment,laundry,point_of_interest"
226,ROOFTOP,"915 W Main St, Collinsville, OK 74021, USA",ChIJuz1SqJT7tocRvUxqgNZpNTI,Food Express,36.3643325,-95.83590099999999,1,74021,OK,"establishment,food,point_of_interest,restaurant"
227,ROOFTOP,"107 Bridge St, Dedham, MA 02026, USA",ChIJ8TrvIG5_44kRyo-_n9kjXhw,Brickhouse Cafe,42.2679319,-71.17624459999999,1,02026,OK,"cafe,establishment,food,point_of_interest,restaurant"
228,ROOFTOP,"426 Brannan St, San Francisco, CA 94107, USA",ChIJSZ0wqHiAhYARdMldLticW4w,Brannan St Cafe,37.779654,-122.395232,1,94107,OK,"bar,cafe,establishment,food,point_of_interest,restaurant"
229,ROOFTOP,"10088 Woodland Rd, Lenexa, KS 66220, USA",ChIJlxlyr6iWwIcRBTYKUahuzFQ,Asa Sushi,38.9459089,-94.8181047,1,66220,OK,"bar,establishment,food,point_of_interest,restaurant"
230,ROOFTOP,"1757 Taraval, San Francisco, CA 94116, USA",ChIJYxImtIR9j4ARLYzeNfT3g20,"T-28 Bakery Cafe Rest., Llc",37.7425124,-122.4851971,1,94116,OK,"bakery,cafe,establishment,food,point_of_interest,store"
231,ROOFTOP,"100 Connecticut St, San Francisco, CA 94107, USA",ChIJW4YncMx_j4ARfVU4QY6tdPQ,Connecticut Yankee,37.764953,-122.39807,1,94107,OK,"bar,establishment,food,point_of_interest,restaurant"
232,ROOFTOP,"1300 Fillmore St, San Francisco, CA 94115, USA",ChIJd5Ym0LuAhYARlLhuhvwPNAE,1300 Fillmore,37.781588,-122.4321368,1,94115,OK,street_address
233,ROOFTOP,"10325 W 75th St, Overland Park, KS 66214, USA",ChIJ7-bh6ZXswIcRuP9gSwdMtqk,Red Balloon,38.9924918,-94.70655649999999,1,66214,OK,"bar,establishment,night_club,point_of_interest"
234,GEOMETRIC_CENTER,"Denver, CO 80202, USA",ChIJ_____8J4bIcR8tTmeKf55ds,Volume Services America,39.7541032,-105.0002242,1,80202,OK,"establishment,point_of_interest"
235,ROOFTOP,"641 Irving St, San Francisco, CA 94122, USA",ChIJ954va1yHhYAR328zI11Rhz0,Tart To Tart,37.7638937,-122.4649402,1,94122,OK,"cafe,establishment,food,point_of_interest"
236,ROOFTOP,"3 Court House Dr, Central Islip, NY 11722, USA",ChIJC6-Lv1Ax6IkR43rlddx6LxA,Volume Services Inc,40.7649402,-73.19316529999999,1,11722,OK,"establishment,point_of_interest"
237,GEOMETRIC_CENTER,"2405 E. College Way, Mt Vernon, WA 98273, United States",ChIJK_J4_z9shVQRRf4yvje4jRM,Int'l Svc Ctr Of No America,48.4382193,-122.3086072,1,98273,OK,"establishment,point_of_interest,university"
238,,,,Creations Desert House,,,0,,ZERO_RESULTS,
239,ROOFTOP,"514 N Elm Pl, Broken Arrow, OK 74012, USA",ChIJOW-jWuuLtocRksSPxjrOJAA,International Cuisine,36.0573274,-95.7978778,1,74012,OK,"establishment,food,point_of_interest,restaurant"
240,ROOFTOP,"240 Westheimer Rd, Houston, TX 77006, USA",ChIJf3M5Pma_QIYRDUO4ZXhTLxQ,L'olivier Restaurant,29.7448204,-95.3847065,1,77006,OK,"bar,establishment,food,point_of_interest,restaurant"
241,ROOFTOP,"600 Guerrero St, San Francisco, CA 94110, USA",ChIJBVY2Bxh-j4ARa2zO8Jd6H2A,Bar Tartine,37.7614169,-122.4240931,1,94110,OK,"bakery,cafe,establishment,food,point_of_interest,store"
242,ROOFTOP,"695 3rd St, San Francisco, CA 94107, USA",ChIJvQJiytd_j4AR_vpht2eyLto,3rd Street Grill,37.7790779,-122.3927895,1,94107,OK,"establishment,food,point_of_interest,restaurant"
243,APPROXIMATE,United States,ChIJCzYy5IS16lQRQrfeQ5K5Oxw,House Of Chen,37.09024,-95.712891,1,,OK,"country,political"
244,ROOFTOP,"1800 S 52nd St, Rogers, AR 72758, USA",ChIJW_YN_wERyYcRmvFhkTdN07M,Crab Cake & Sweet,36.3196044,-94.1873737,1,72758,OK,"bar,establishment,food,point_of_interest,restaurant"
245,ROOFTOP,"2317, 443 Clement St, San Francisco, CA 94118, United States",ChIJHZwwDzyHhYARJqdAzd3kFkM,Clement Street Bar & Grill,37.78273799999999,-122.4641634,1,94118,OK,"bar,establishment,food,point_of_interest"
246,GEOMETRIC_CENTER,"Pier 39, Space A-201, San Francisco, CA 94133, USA",ChIJu1sIV16AhYAR5QnZljYrFSw,The Tin Fish At Eagle Cafe,37.8087731,-122.4103237,1,94133,OK,"cafe,establishment,food,point_of_interest,restaurant"
247,APPROXIMATE,"Haight-Ashbury, San Francisco, CA 94117, USA",ChIJX_Qyn6yAhYARSAqN56vATTI,Haight & Cole Liquors,37.7692204,-122.4481393,1,94117,OK,"neighborhood,political"
248,ROOFTOP,"591 N Broadwalk, Hollywood, FL 33019, USA",ChIJFx7THDyr2YgREtcEprpt41U,Mamacita Restaurant & Lounge,26.0153789,-80.1156306,1,33019,OK,"bar,establishment,food,point_of_interest,restaurant"
249,,,,Mercedes Cantina Inc,,,0,,ZERO_RESULTS,
250,ROOFTOP,"1351 Church St, San Francisco, CA 94114, USA",ChIJ12ZjHmt-j4AR_KF1uOco2ow,Lovejoy's Tea Room & Antiques,37.74919000000001,-122.4270972,1,94114,OK,"cafe,establishment,food,point_of_interest,restaurant"
251,ROOFTOP,"1304 W San Antonio St, New Braunfels, TX 78130, USA",ChIJt-yoX9iXXIYRHzhlu_XM8J8,New City Bakery Inc,29.6922543,-98.1355608,2,78130,OK,"bakery,establishment,food,point_of_interest,store"
252,ROOFTOP,"100 Gough St, San Francisco, CA 94102, USA",ChIJoxaxoZ-AhYARlSJVU4eKmfM,Go Getters Pizza,37.77335,-122.422541,1,94102,OK,"establishment,food,meal_delivery,meal_takeaway,point_of_interest,restaurant"
253,ROOFTOP,"599 Skyline Blvd, San Francisco, CA 94132, USA",ChIJBZW9Bv58j4ARQ3sOPmyg2ms,Hot Dog Bills,37.7096556,-122.4973864,2,94132,OK,"cafe,establishment,food,point_of_interest"
254,ROOFTOP,"1525 Pine St, San Francisco, CA 94109, USA",ChIJ48pP55SAhYARIpn5hH4dqXE,The Grubstake Inc,37.789372,-122.420825,1,94109,OK,"establishment,food,point_of_interest,restaurant"
255,ROOFTOP,"200 Arco Place #401, Independence, KS 67301, USA",ChIJU8SoFUAruIcR-UfsVMU0Oeg,E & O Trading Company,37.2248982,-95.7099399,1,67301,OK,"establishment,lawyer,point_of_interest"
256,ROOFTOP,"916 U.S. 71, Anderson, MO 64831, USA",ChIJk9yFgQhXyIcRc1watbKrweo,Thai Cafe,36.667169,-94.44167069999999,1,64831,OK,"cafe,establishment,food,point_of_interest"
257,ROOFTOP,"1710 Polk St, San Francisco, CA 94109, USA",ChIJT-CnA-uAhYAR-l5CuF6-ZA0,Hahn's Hibachi Restaurant,37.7926375,-122.4209211,2,94109,OK,"establishment,food,point_of_interest,restaurant"
258,ROOFTOP,"2049 Fillmore St, San Francisco, CA 94115, USA",ChIJ-W0ztseAhYARBFSZbrLXGNY,The Elite Cafe,37.78859250000001,-122.4340504,1,94115,OK,"establishment,food,point_of_interest,restaurant"
259,,,,Skk Restaurant Group,,,0,,ZERO_RESULTS,
260,ROOFTOP,"3501 N Aviation Ave, Sioux Falls, SD 57104, USA",ChIJTZmYVE-1jocRmRR_HmkUQSc,Elite Cafe Catering Company,43.583476,-96.73342799999999,1,57104,OK,"cafe,establishment,food,point_of_interest"
261,ROOFTOP,"4827 Mission St, San Francisco, CA 94112, USA",ChIJK4fjCIV-j4ARhWKGzPT-wrs,Hawaiian Drive Inn #28,37.7210781,-122.4373388,1,94112,OK,"establishment,food,point_of_interest,restaurant"
262,ROOFTOP,"110 Navy St, Venice, CA 90291, USA",ChIJS8kPbM66woARd1GBmxxTvBw,Chaya Brasserie,33.997128,-118.479153,1,90291,OK,"bar,establishment,food,point_of_interest,restaurant"
263,ROOFTOP,"771 Ellis St, San Francisco, CA 94109, USA",ChIJPdCuKZeAhYARMlTvGE6vNPI,Zen Yai Thai Restaurant,37.7838943,-122.4189883,1,94109,OK,"establishment,food,point_of_interest,restaurant"
264,ROOFTOP,"1200 W Cleveland St, St Johns, AZ 85936, USA",ChIJM8Q5F6z6JYcRcx1-2-479G8,Paradise Pizza Llc,34.5062132,-109.3824568,1,85936,OK,"establishment,food,point_of_interest,restaurant"
265,ROOFTOP,"38 Wellington St E, Toronto, ON M5E 1C7, Canada",ChIJQYax-C3L1IkRD9zB2roC0PA,Power Up Cafe,43.648453,-79.375089,2,M5E 1C7,OK,"bar,establishment,food,point_of_interest,restaurant"
266,ROOFTOP,"324 4th Ave SE, Cullman, AL 35055, USA",ChIJAZjY8ODLiYgRwrn9P00cdlY,Red Door Cafe,34.1761714,-86.83799049999999,1,35055,OK,"cafe,establishment,food,point_of_interest,restaurant"
267,,,,Aprovechar Hospitality Grp Llc,,,0,,ZERO_RESULTS,
268,ROOFTOP,"1202 N Franklin St, Tampa, FL 33602, USA",ChIJJbi4bGLEwogR-We428OFYrM,Fly Bar,27.953605,-82.460441,1,33602,OK,"bar,establishment,food,point_of_interest,restaurant"
269,ROOFTOP,"930 Geary St, San Francisco, CA 94109, USA",ChIJ_WbGrZaAhYARftpQD403stw,Hoang-Dat Coffee Shop,37.7862592,-122.4186345,1,94109,OK,"cafe,establishment,food,point_of_interest"
270,ROOFTOP,"712 Santa Cruz Ave, Menlo Park, CA 94025, USA",ChIJT9OI36-kj4ARCk1MBktEhjw,Yakiniku House Juban,37.4520916,-122.1845493,2,94025,OK,"establishment,food,point_of_interest,restaurant"
271,ROOFTOP,"310 W 47th St, Kansas City, MO 64112, USA",ChIJA0-NibjvwIcRCyDItwP1ohc,Buca Di Beppo,39.042544,-94.59074299999999,1,64112,OK,"establishment,food,point_of_interest,restaurant"
272,ROOFTOP,"1114 N Bragg Blvd, Spring Lake, NC 28390, USA",ChIJ7boRazZrq4kRE5k0MNa2nlk,*Let Me Cater To You*,35.1805933,-78.98090189999999,1,28390,OK,"establishment,food,point_of_interest,restaurant"
273,ROOFTOP,"120 S 31st Ave, Omaha, NE 68131, USA",ChIJoXsz-kuJk4cRih6MDulpP6A,Original Buffalo Wings Corp,41.2594242,-95.9597182,1,68131,OK,"bar,establishment,food,point_of_interest,restaurant"
274,ROOFTOP,"7700 Nicollet Ave, Richfield, MN 55423, USA",ChIJt2Et4cEl9ocRyYcfDDbN4iE,Andale Mexican Restaurant,44.8633903,-93.2788385,1,55423,OK,"establishment,food,point_of_interest,restaurant"
275,ROOFTOP,"750 N Royal Ln, DFW Airport, TX 75261, USA",ChIJhRQafCsmTIYR8zxAPmxBgO8,Aramark Healthcare Support Svc,32.9431615,-97.0215698,1,75261,OK,"establishment,point_of_interest"
276,ROOFTOP,"35911 Date Palm Dr, Cathedral City, CA 92234, USA",ChIJwQMEaNEC24AR_NbmUzV9NC8,Bangkok Noodles & Thai Bbq,33.7885529,-116.4591507,1,92234,OK,"establishment,food,point_of_interest,restaurant"
277,ROOFTOP,"3706, 280 Golden Gate Ave, San Francisco, CA 94102, United States",ChIJ8YVCi5qAhYARdJQ0qnbbfZY,Morty's Delicatessen,37.78185,-122.415287,2,94102,OK,"establishment,food,meal_takeaway,point_of_interest,restaurant,store"
278,ROOFTOP,"1725 Haight St, San Francisco, CA 94117, USA",ChIJ4RMby1OHhYARsGxnl40kWbg,Alembic,37.7693221,-122.4511197,1,94117,OK,"bar,establishment,food,point_of_interest,restaurant"
279,ROOFTOP,"1725 Haight St, San Francisco, CA 94117, USA",ChIJ4RMby1OHhYARsGxnl40kWbg,Alembic Bar,37.7693221,-122.4511197,1,94117,OK,"bar,establishment,food,point_of_interest,restaurant"
280,ROOFTOP,"Boarding Area D, Terminal 2, S McDonnell Rd, San Francisco, CA 94128, USA",ChIJD0vBnJN3j4ARXBlnrpt7nM4,Lark Creek Steak,37.61731020000001,-122.3818137,2,94128,OK,"bar,establishment,food,point_of_interest,restaurant"
281,ROOFTOP,"228 Shane Dr, Glasgow, KY 42141, USA",ChIJ5ee_gYY9ZogRBPBGNFZFv_U,New Sweetheart Bakery,37.0040157,-85.92899659999999,1,42141,OK,"bakery,establishment,food,point_of_interest,store"
282,APPROXIMATE,"San Francisco, CA, USA",ChIJIQBpAG2ahYAR_6128GcTUEo,San Francisco Academy Of Barte,37.7749295,-122.4194155,1,,OK,"locality,political"
283,ROOFTOP,"495 Geary St, San Francisco, CA 94102, USA",ChIJFUBxSY6AhYARwOaLV7TsLjw,Clift,37.7867167,-122.4111737,1,94102,OK,"establishment,lodging,point_of_interest"
284,ROOFTOP,"1919 Union St, San Francisco, CA 94123, USA",ChIJ5ahNSNuAhYAR7yPV4niV-JM,American Cupcake,37.79752,-122.431085,1,94123,OK,"bakery,bar,establishment,food,point_of_interest,restaurant,store"
285,ROOFTOP,"3301 Buchanan St, San Francisco, CA 94123, USA",ChIJyeRZMdqAhYAR7ZK_DUQIEyI,Jake's Steaks,37.800613,-122.432967,1,94123,OK,"bar,establishment,food,meal_delivery,meal_takeaway,point_of_interest,restaurant"
286,ROOFTOP,"4625 Donnelly Ave, Fort Worth, TX 76107, USA",ChIJkcbpgKxzToYRTFCgLjEdoyw,Bombay Indian Restaurant,32.7286321,-97.38921189999999,1,76107,OK,"establishment,food,point_of_interest,restaurant"
287,ROOFTOP,"713 Linden Ave, South San Francisco, CA 94080, USA",ChIJ7ernuKl5j4ARsU0VQwKh0cA,Amoura,37.65956,-122.408947,1,94080,OK,"establishment,food,point_of_interest,restaurant"
288,ROOFTOP,"639-A Divisadero St, San Francisco, CA 94117, USA",ChIJzfp706-AhYARn_qk2m_-XmY,Mojo Bicycle Cafe Inc,37.7755474,-122.4381149,1,94117,OK,"bar,cafe,establishment,food,point_of_interest"
289,ROOFTOP,"88 Division St, San Francisco, CA 94103, USA",ChIJsWNfHi1-j4ARCawJFj60_Fc,The Grand Pu Bah Restaurant,37.7700618,-122.4030611,1,94103,OK,"bar,establishment,food,point_of_interest,restaurant"
290,ROOFTOP,"1501A Vermont St, San Francisco, CA 94107, USA",ChIJcQKPO01-j4ARLnqcOy2VeyQ,Zola Acai,37.7503395,-122.4024683,1,94107,OK,"establishment,food,point_of_interest"
291,ROOFTOP,"304 N Elmira Ave, Russellville, AR 72802, USA",ChIJ2WmK20tTzIcR9q6BxUgZeWs,Umami Restaurant,35.2812749,-93.10222449999999,1,72802,OK,"establishment,food,point_of_interest,restaurant"
292,ROOFTOP,"466 Haight St, San Francisco, CA 94117, USA",ChIJ3UgDy6aAhYARdyIqpQ7ZoxU,Nickies,37.7723603,-122.4298578,2,94117,OK,"bar,establishment,food,point_of_interest,restaurant"
293,ROOFTOP,"902 W 11th St, Coffeyville, KS 67337, USA",ChIJ9RjiMYqEt4cRCK75zjisnoY,Subway Sandwiches # 5669,37.033422,-95.629255,1,67337,OK,"establishment,food,point_of_interest,restaurant"
294,ROOFTOP,"902 W 11th St, Coffeyville, KS 67337, USA",ChIJ9RjiMYqEt4cRCK75zjisnoY,Subway Sandwiches # 7307,37.033422,-95.629255,1,67337,OK,"establishment,food,point_of_interest,restaurant"
295,ROOFTOP,"902 W 11th St, Coffeyville, KS 67337, USA",ChIJ9RjiMYqEt4cRCK75zjisnoY,Subway Sandwiches #36339,37.033422,-95.629255,1,67337,OK,"establishment,food,point_of_interest,restaurant"
296,ROOFTOP,"865 Market St, San Francisco, CA 94103, USA",ChIJy4kpbIaAhYAR0CxPPZHKjrA,Sorabol-Rincon Center,37.7846202,-122.4063403,1,94103,OK,"establishment,food,point_of_interest,restaurant"
297,ROOFTOP,"215 2nd St, San Francisco, CA 94105, USA",ChIJ2SBu73yAhYARA5oCBioYX2c,Chatz Coffee Shop,37.7866698,-122.3978193,1,94105,OK,"cafe,establishment,food,point_of_interest,store"
298,ROOFTOP,"5874 Forbes Ave, Pittsburgh, PA 15217, USA",ChIJZZ2GGgDyNIgRYUzZCxeTClQ,Rose Tea,40.437841,-79.920109,1,15217,OK,"cafe,establishment,food,point_of_interest,restaurant"
299,ROOFTOP,"2276 E 16th St, Los Angeles, CA 90021, USA",ChIJSbcnh5fIwoARAxs3ZW516xQ,Nightgallerie,34.0195189,-118.2317878,1,90021,OK,"art_gallery,establishment,point_of_interest"
300,ROOFTOP,"1618 N Summit St, Arkansas City, KS 67005, USA",ChIJDzqvvNCBsIcR6-3iqXUHZhE,Ninja Sushi,37.0820565,-97.0397977,1,67005,OK,"establishment,food,point_of_interest,restaurant"
301,ROOFTOP,"9500 Bolsa Ave, Westminster, CA 92683, USA",ChIJ1TA8qrcn3YARvfNzVEfPDEQ,Nguyen Andrew A,33.7446713,-117.9633591,1,92683,OK,"doctor,establishment,health,point_of_interest"
302,,,,Bocadillos Lp,,,0,,ZERO_RESULTS,
303,ROOFTOP,"904 E Gibbs St, Del Rio, TX 78840, USA",ChIJB01yAGHr9YYRN9il5mIzuaU,Jitra Thai Cuisine,29.3678144,-100.892987,1,78840,OK,"establishment,food,point_of_interest,restaurant"
304,ROOFTOP,"2801 SE 27th Ave, Amarillo, TX 79103, USA",ChIJq6sMeTZPAYcRZwPvdGjX8z4,King Ling,35.1859681,-101.8039913,2,79103,OK,"establishment,food,point_of_interest,restaurant"
305,ROOFTOP,"3650 E Flamingo Rd, Las Vegas, NV 89121, USA",ChIJodl4aSvFyIARWgLIaqSCVtw,Rika Express,36.1157473,-115.0957467,1,89121,OK,"establishment,food,point_of_interest,restaurant"
306,ROOFTOP,"799 O'Farrell St, San Francisco, CA 94109, USA",ChIJdSi1MZGAhYARjEThAVgfyCE,Piccolo Italia Pizza,37.784998,-122.417645,1,94109,OK,"establishment,food,meal_delivery,meal_takeaway,point_of_interest,restaurant"
307,ROOFTOP,"610 Bridge St, Humboldt, KS 66748, USA",ChIJGUS62wFfuIcR0C_LZEwfja0,J & J Bakery Inc,37.811465,-95.4390719,1,66748,OK,"accounting,establishment,finance,point_of_interest"
308,ROOFTOP,"610 Bridge St, Humboldt, KS 66748, USA",ChIJGUS62wFfuIcR0C_LZEwfja0,J & J Bakery Cafe,37.811465,-95.4390719,1,66748,OK,"accounting,establishment,finance,point_of_interest"
309,,,,Righteous Brother Catering Co,,,0,,ZERO_RESULTS,
310,ROOFTOP,"3385 Mission St, San Francisco, CA 94110, USA",ChIJ6QRlLl1-j4ARgjKJIcoazj4,Oye Managua,37.74234440000001,-122.4217093,1,94110,OK,"establishment,food,point_of_interest,restaurant"
311,ROOFTOP,"709 N 20th St, Independence, KS 67301, USA",ChIJ9f5h7E4ruIcRCwhMSCAy19U,Beverage & Food Group Inc,37.2302756,-95.7235013,1,67301,OK,"establishment,point_of_interest"
312,ROOFTOP,"1280 Springfield Ave, Irvington, NJ 07111, USA",ChIJlctELeisw4kRQvwQRHcrRcg,Big Joe's,40.7246973,-74.2421012,1,07111,OK,"establishment,food,point_of_interest,restaurant"
313,ROOFTOP,"2401 E 32nd St, Joplin, MO 64804, USA",ChIJj5B8O1t7yIcR43CY114Dvk4,Panera Bread,37.055497,-94.48869,1,64804,OK,"bakery,cafe,establishment,food,meal_takeaway,point_of_interest,restaurant,store"
314,ROOFTOP,"233 S Maple Ave, South San Francisco, CA 94080, USA",ChIJ0bAtMLp5j4ARoaYLhBA-KOw,Eh Products Inc,37.6454397,-122.4156471,1,94080,OK,"establishment,point_of_interest"
315,,,,Baysubway 02,,,0,,ZERO_RESULTS,
316,ROOFTOP,"408 Irving St, San Francisco, CA 94122, USA",ChIJy4z46FuHhYAR5U-1Sj2Ue7Q,Koo,37.7643835,-122.4623535,1,94122,OK,"establishment,food,point_of_interest,restaurant"
317,ROOFTOP,"120 N Baltimore Ave, Derby, KS 67037, USA",ChIJIaL4l9TvuocRUBbNbvlkTMU,Fire House Cafe,37.543939,-97.26985599999999,1,67037,OK,"establishment,food,point_of_interest,restaurant"
318,ROOFTOP,"293 Bayshore Blvd, San Francisco, CA 94124, USA",ChIJmfNfeFR-j4ARTGYCfuWmmtE,Balance Catering,37.7431744,-122.4048045,1,94124,OK,"establishment,food,point_of_interest,store"
319,ROOFTOP,"3040 Taraval, San Francisco, CA 94116, USA",ChIJq8Kn7Xt9j4ARry1Mh57xUgo,Wins Restaurant,37.7421861,-122.4989104,2,94116,OK,"establishment,food,point_of_interest,restaurant"
320,ROOFTOP,"6 Claude Ln, San Francisco, CA 94108, USA",ChIJrYAFoImAhYARO6Csx0RNX0U,Gitane Restaurant,37.7903375,-122.4042771,1,94108,OK,"bar,establishment,food,point_of_interest,restaurant"
321,ROOFTOP,"2495 3rd St, San Francisco, CA 94107, USA",ChIJf5sXibl_j4AR5wRLyjqQelU,Serpentine,37.7581481,-122.3880873,1,94107,OK,"establishment,food,point_of_interest,restaurant"
322,ROOFTOP,"1501 Ocean Ave, San Francisco, CA 94112, USA",ChIJr1Ypf819j4ARiAgqm6RlQRI,Lucky Ocean Cafe,37.7242199,-122.4583797,1,94112,OK,"cafe,establishment,food,point_of_interest,restaurant,store"
323,ROOFTOP,"418 S Washington Ave, Royal Oak, MI 48067, USA",ChIJz7YgDEHPJIgRsOd__yxzKVk,Cafe Muse,42.4866698,-83.1469374,2,48067,OK,"bar,cafe,establishment,food,point_of_interest,restaurant"
324,ROOFTOP,"510 E Broadway, Long Beach, CA 90802, USA",ChIJlVhoKDwx3YARuUiUL78Fbd8,Mangosteen Restaurant,33.7691848,-118.1859735,1,90802,OK,"establishment,food,point_of_interest,restaurant"
325,ROOFTOP,"1398 Mission St, San Francisco, CA 94103, USA",ChIJwWFeq52AhYARTvqup77A3MQ,Cumaica Coffee-10th,37.77551,-122.415915,1,94103,OK,"cafe,establishment,food,point_of_interest"
326,ROOFTOP,"1398 Mission St, San Francisco, CA 94118, USA",ChIJ2-rg1juHhYARWZothsC8DKc,Cumaica Coffee-Clement,37.775538,-122.415912,1,94118,OK,"cafe,establishment,food,point_of_interest,store"
327,GEOMETRIC_CENTER,"Alta Plaza Park, Jackson St. & Steiner St., San Francisco, CA 94115, United States",ChIJnS-EJM-AhYARYX4zAkEVsP8,Alta Plaza,37.7911417,-122.4376241,2,94115,OK,"establishment,park,point_of_interest"
328,ROOFTOP,"354 Clement St, San Francisco, CA 94118, USA",ChIJH2M89juHhYARHaEPtzXbxPA,Shabu House,37.7831271,-122.4632297,1,94118,OK,"establishment,food,point_of_interest,restaurant"
329,ROOFTOP,"7530 NE Martin Luther King Jr Blvd, Portland, OR 97211, USA",ChIJ97HiS1SmlVQRPHA6apoddSM,Sparky's Pizza & Diner,45.577776,-122.6609862,1,97211,OK,"establishment,food,point_of_interest,restaurant"
330,ROOFTOP,"3398 Balboa St # A, San Francisco, CA 94121, USA",ChIJz2R6S6aHhYARbhnWZ8UhUNs,Jook Time Inc,37.7759356,-122.495049,1,94121,OK,"establishment,food,point_of_interest,restaurant"
331,ROOFTOP,"701 Larkin St, San Francisco, CA 94109, USA",ChIJf_6yHZCAhYARPLHICGeJgBM,Ha Nam Ninh Restaurant,37.7843739,-122.4180698,1,94109,OK,"establishment,food,point_of_interest,restaurant"
332,ROOFTOP,"1617 Main St, Kansas City, MO 64108, USA",ChIJPVU_nULwwIcRYZ1IkQD8ESg,Nara Sushi,39.0938571,-94.5833279,1,64108,OK,"bar,establishment,food,point_of_interest,restaurant"
333,ROOFTOP,"1 Market St # 347, San Francisco, CA 94105, USA",ChIJLdqXpGaAhYARarMgCZk87Gk,Lark Creek Management Llc,37.793992,-122.3948962,1,94105,OK,"establishment,food,point_of_interest,restaurant"
334,ROOFTOP,"123 S Baltimore Ave, Derby, KS 67037, USA",ChIJgWbeUyvuuocRyyCAHIhKR90,Crispy 'N Chips,37.5423638,-97.27051569999999,1,67037,OK,"establishment,food,point_of_interest,restaurant"
335,ROOFTOP,"184 O'Farrell St, San Francisco, CA 94102, USA",ChIJi7qIN4-AhYARthMQbuaA1gU,King Of Thai Noodle House& Bar,37.786658,-122.407745,1,94102,OK,"establishment,food,point_of_interest,restaurant"
336,ROOFTOP,"103 Owen Walters Blvd, Salina, OK 74365, USA",ChIJi1C4XdcltocR8y8Eo8C3d4I,Subway Sandwich #29398,36.2925182,-95.1475808,1,74365,OK,"establishment,food,point_of_interest,restaurant"
337,ROOFTOP,"Ferry Building, One San Francisco Bay Trail #8, San Francisco, CA 94111, USA",ChIJWUj0iEh-j4ARPJYe1823nnU,Humphry Slocombe Llc,37.79569,-122.393693,2,94111,OK,"establishment,food,point_of_interest,store"
338,ROOFTOP,"425 Littlefield Ave, South San Francisco, CA 94080, USA",ChIJ7xY-R0l4j4AR9W9mZQHWwTI,James Standfield Catering,37.6503945,-122.3953391,1,94080,OK,"establishment,food,point_of_interest"
339,ROOFTOP,"609 Hayes St, San Francisco, CA 94102, USA",ChIJIzx5TqKAhYARYeTIxZN4m4o,Bar Jules,37.7762706,-122.4265293,1,94102,OK,"establishment,food,point_of_interest,restaurant"
340,ROOFTOP,"122 Roseland Dr, Luling, LA 70070, USA",ChIJC3_aGyrHIIYRyVP3lZ2pboY,Van Electric,29.8864048,-90.33639,1,70070,OK,"electrician,establishment,point_of_interest"
341,ROOFTOP,"4845 Mission St, San Francisco, CA 94112, USA",ChIJP6ODBYV-j4ARVvW4_ahiGgo,Mission Noodle House,37.7207994,-122.4374801,1,94112,OK,"establishment,food,point_of_interest,restaurant"
342,ROOFTOP,"800 Van Ness Ave, San Francisco, CA 94109, USA",ChIJrVJzEJeAhYARXTba4vYzCws,Creative Sushi Catering,37.7830748,-122.4206163,1,94109,OK,"establishment,food,point_of_interest"
343,ROOFTOP,"9234 Park Meadows Dr #100, Lone Tree, CO 80124, USA",ChIJD9hOz6iFbIcRQF3Nghj9Opg,Pisco,39.554435,-104.8823479,1,80124,OK,"establishment,food,point_of_interest,restaurant"
344,,,,House Of Pisco,,,0,,ZERO_RESULTS,
345,ROOFTOP,"736 Alfred Nobel Dr, Hercules, CA 94547, USA",ChIJPa_s3852hYARAp8r9Ny_zZ8,Gelateria Naia,38.0202985,-122.2738473,2,94547,OK,"establishment,point_of_interest"
346,ROOFTOP,"12500 East 86th St N #106, Owasso, OK 74055, USA",ChIJ8yUPD5bwtocRLACsJXNYj3U,Nook,36.277909,-95.83374599999999,1,74055,OK,"establishment,point_of_interest,store"
347,ROOFTOP,"605 Middle Neck Rd, Great Neck, NY 11023, USA",ChIJc76FWHeJwokRPC7V5UZcrQ0,Bistro Burger,40.802808,-73.735826,1,11023,OK,"establishment,food,point_of_interest,restaurant"
348,,,,Snyderman Restaurant Managemen,,,0,,ZERO_RESULTS,
349,ROOFTOP,"3287 21st St, San Francisco, CA 94110, USA",ChIJj2yXhT5-j4AR4miwjl6R4i8,Sidewalk Juice Bar,37.7568288,-122.4208236,1,94110,OK,"establishment,food,point_of_interest"
350,ROOFTOP,"1100 Larsen Park Rd, Sioux City, IA 51103, USA",ChIJa9bJeZ0HjocR4K_kicANRLQ,Crave,42.489427,-96.420932,1,51103,OK,"bar,establishment,food,point_of_interest,restaurant"
351,,,,Intl House Of Pancakes Inc,,,0,,ZERO_RESULTS,
352,ROOFTOP,"8019, 3810 Gattis School Rd Ste. 106, Round Rock, TX 78664, United States",ChIJZaDzaAfQRIYRomrpAvWcyWU,Urban Picnic,30.4975261,-97.6121675,1,78664,OK,"establishment,food,point_of_interest,restaurant,store"
353,ROOFTOP,"576 Haight St, San Francisco, CA 94117, USA",ChIJU8wGk6aAhYARW4WqEGx2HNE,Memphis Minnie's Bbq Joint,37.7720621,-122.4316847,1,94117,OK,"establishment,food,point_of_interest,restaurant"
354,ROOFTOP,"1103 S Peoria Ave, Tulsa, OK 74120, USA",ChIJj57q2ITstocRpdUJp3p5dsw,My Corner Cafe Inc,36.1477767,-95.9754165,1,74120,OK,"establishment,food,point_of_interest,restaurant"
355,ROOFTOP,"2132 N Rock Rd, Wichita, KS 67206, USA",ChIJhZA24179uocRQ87wrJqkCAU,Cocoa,37.7211356,-97.243361,1,67206,OK,"bar,cafe,establishment,food,night_club,point_of_interest,store"
356,ROOFTOP,"5158 Geary Blvd, San Francisco, CA 94118, USA",ChIJ3Tny0haHhYARSJlD44zx_K4,S B House Inc,37.780851,-122.4749476,1,94118,OK,"establishment,food,point_of_interest,restaurant"
357,ROOFTOP,"3150 18th St, San Francisco, CA 94110, USA",ChIJtbEndl1-j4ARUsBJ9gUUakg,Chefstephanie Culinarymistress,37.7623798,-122.4142544,1,94110,OK,"establishment,food,point_of_interest"
358,ROOFTOP,"451 9th St, San Francisco, CA 94103, USA",ChIJ-TQHGil-j4AR_xz9tp0A5qI,Cups And Cakes Bakery,37.77209,-122.409148,1,94103,OK,"bakery,establishment,food,point_of_interest,store"
359,ROOFTOP,"1207 Divisadero St, San Francisco, CA 94115, USA",ChIJCRUTzraAhYAR1mx8BK1WCtc,Lilah Belle's,37.7808144,-122.4391341,1,94115,OK,"establishment,food,point_of_interest,store"
360,ROOFTOP,"1710 E 15th St, Little Rock, AR 72202, USA",ChIJkT2cype70ocReOcdPBPu69U,New Sandy's Cafe & Deli,34.732577,-92.2509084,1,72202,OK,"establishment,food,point_of_interest,restaurant"
361,ROOFTOP,"4528 Mission St, San Francisco, CA 94112, USA",ChIJsxlxuYh-j4ARV5Eiq3pCJIk,Pissed Off Petes,37.7255512,-122.4344401,1,94112,OK,"bar,establishment,food,point_of_interest,restaurant"
362,ROOFTOP,"3154 Fillmore St, San Francisco, CA 94123, USA",ChIJSYPmnNCAhYARToQmSh__YNc,Eastside West,37.7988595,-122.4356778,1,94123,OK,"bar,establishment,food,night_club,point_of_interest,restaurant"
363,ROOFTOP,"5524 Geary Blvd, San Francisco, CA 94121, USA",ChIJIZVATxCHhYARasytcvubeWE,Kappou Gomi,37.7806563,-122.478788,1,94121,OK,"establishment,food,point_of_interest,restaurant"
364,ROOFTOP,"370 Grove St, San Francisco, CA 94102, USA",ChIJzWhNi5iAhYARl5GjFfGFJYc,Muka,37.7781813,-122.4228268,1,94102,OK,"bar,establishment,food,point_of_interest"
365,ROOFTOP,"15696 E 14th St, San Leandro, CA 94578, USA",ChIJ87e9idGRj4ARDpGEPyogLRA,Theo's Cheesesteak Shop,37.7019018,-122.1233886,2,94578,OK,"establishment,food,point_of_interest,restaurant"
366,ROOFTOP,"118 N Walnut St #2, Murfreesboro, TN 37130, USA",ChIJf7mHJ2z4Y4gRz_8Zy01vLNo,Pure Sweets & Savory,35.846836,-86.393422,2,37130,OK,"bakery,cafe,establishment,food,point_of_interest,restaurant,store"
367,ROOFTOP,"2231 Larkspur Landing Cir, Larkspur, CA 94939, USA",ChIJLVf7bUSahYARjoCjlC98ROY,Three Twins Ice Cream,37.9475857,-122.5092353,1,94939,OK,"establishment,food,point_of_interest,store"
368,ROOFTOP,"9615 NW Baker Rd, Kansas City, MO 64153, USA",ChIJ9ZelXHdhwIcRPEQxzc9fqCA,Showdogs,39.267645,-94.79963099999999,1,64153,OK,"establishment,point_of_interest"
369,ROOFTOP,"1820 N Brown Rd, Lawrenceville, GA 30043, USA",ChIJk1HF82q99YgR1EnyiKkO92g,Red Crawfish,33.9835758,-84.0815798,2,30043,OK,"establishment,food,point_of_interest,restaurant"
370,ROOFTOP,"4701 Geary Blvd, San Francisco, CA 94118, USA",ChIJvaxqARaHhYARKYtXixN1tlQ,Hearth Bar,37.780491,-122.4698302,1,94118,OK,"bar,establishment,point_of_interest"
371,ROOFTOP,"1039 Summer Wood Rd, Knoxville, TN 37923, USA",ChIJqS-gXUslXIgREgbdleZCzo4,M M Catering,35.9426978,-84.0856133,1,37923,OK,"establishment,food,point_of_interest,restaurant"
372,ROOFTOP,"19201 Bear Valley Rd, Apple Valley, CA 92308, USA",ChIJ5yP8gudgw4ARMiC88_GnV_g,Nubi Yogurt,34.4706046,-117.2426659,1,92308,OK,"establishment,food,point_of_interest,store"
373,ROOFTOP,"216 N 4th St #201, Lafayette, IN 47901, USA",ChIJm1eQvFodE4gRc_uokRhCPUk,Citizens Band,40.4195121,-86.89325649999999,1,47901,OK,"electronics_store,establishment,home_goods_store,point_of_interest,store"
374,ROOFTOP,"1196 Folsom St, San Francisco, CA 94103, USA",ChIJ5TvqgIKAhYARNRgAXSiK_dw,Pinkies Bakery,37.7752219,-122.4100375,2,94103,OK,"bakery,establishment,food,point_of_interest,store"
375,ROOFTOP,"4 Embarcadero Center, San Francisco, CA 94111, USA",ChIJNxNnLWGAhYARlGSKJ57k4Kg,Stone Korean Kitchen,37.7954216,-122.3959473,2,94111,OK,"establishment,food,point_of_interest,restaurant"
376,ROOFTOP,"812 W El Camino Real, Sunnyvale, CA 94087, USA",ChIJIyoWF4u2j4ARVT-QHgMi0g8,Chaat Cafe Express,37.3691049,-122.04175,1,94087,OK,"establishment,food,point_of_interest,restaurant"
377,ROOFTOP,"1845 W 4th St, Bartlesville, OK 74005, USA",ChIJqS-kDGYUt4cR49c0eOC2wvI,"Martha & Bros, Coffee 8",36.7504041,-95.9987671,1,74005,OK,"establishment,point_of_interest"
378,GEOMETRIC_CENTER,"OK-85, Ketchum, OK 74349, USA",ChIJL3UVnd0qyIcRYXHRavjvseI,Slow Club,36.5244519,-95.02571909999999,1,74349,OK,"establishment,food,point_of_interest,restaurant"
379,ROOFTOP,"4916 Military Pkwy, Dallas, TX 75227, USA",ChIJi0U4c2uiToYRMwG3bxJPlAk,King Cha-Cha Bar,32.7832223,-96.7320539,2,75227,OK,"establishment,food,point_of_interest,restaurant"
380,ROOFTOP,"701 Larkin St, San Francisco, CA 94109, USA",ChIJf_6yHZCAhYARPLHICGeJgBM,Pho Hanamninh,37.7843739,-122.4180698,1,94109,OK,"establishment,food,point_of_interest,restaurant"
381,ROOFTOP,"64 14th St, San Francisco, CA 94103, USA",ChIJt58t2CV-j4ARFp4YxmxTRuM,Cafe Zazo,37.768692,-122.414838,1,94103,OK,"bar,cafe,establishment,food,meal_takeaway,point_of_interest,restaurant,store"
382,ROOFTOP,"210 S Public Rd, Lafayette, CO 80026, USA",ChIJ5bnmo_r0a4cRveUrW--OIu4,Coffee Mine,39.9963631,-105.0902754,1,80026,OK,"bar,cafe,establishment,food,point_of_interest,store"
383,ROOFTOP,"1845 W 4th St, Bartlesville, OK 74005, USA",ChIJqS-kDGYUt4cR49c0eOC2wvI,Martha & Bros Coffee,36.7504041,-95.9987671,1,74005,OK,"establishment,point_of_interest"
384,ROOFTOP,"1 Hallidie Plaza, San Francisco, CA 94102, USA",ChIJ47TaNL59j4ARspj-YUyXywI,Cable Car City Pub & Cafe,37.7842485,-122.4087697,1,94102,OK,"bar,establishment,point_of_interest"
385,ROOFTOP,"6936 Indianapolis Blvd, Hammond, IN 46324, USA",ChIJbyt87j3eEYgRVBZ5YbXPYik,Marlowe Llc,41.5872159,-87.48115849999999,1,46324,OK,"establishment,lawyer,point_of_interest"
386,ROOFTOP,"601 Broadway, San Francisco, CA 94133, USA",ChIJ4yB4ePSAhYARmM2yWHOKTPQ,Broadway Tuttimelon,37.797525,-122.4073229,1,94133,OK,"establishment,food,point_of_interest,store"
387,ROOFTOP,"1009 Memorial Pkwy NW, Huntsville, AL 35801, USA",ChIJhUZ-xWlrYogRp7H_CP2C1z4,Royal Rose,34.7413412,-86.60139989999999,1,35801,OK,"establishment,food,point_of_interest,restaurant"
388,ROOFTOP,"301 King St, San Francisco, CA 94158, USA",ChIJE2LZxdZ_j4AR4BlQi4V5jxI,Tsunami Mission Bay,37.77582,-122.393892,1,94158,OK,"bar,establishment,food,point_of_interest,restaurant"
389,,,,Mi2sweets,,,0,,ZERO_RESULTS,
390,ROOFTOP,"2705 S Rangeline Rd, Joplin, MO 64804, USA",ChIJLeGpU6B8yIcR3UW8Lk1VXcA,Good Lunch Inc,37.0608356,-94.4775631,1,64804,OK,"establishment,food,point_of_interest,restaurant"
391,,,,Ora Schulman,,,0,,ZERO_RESULTS,
392,ROOFTOP,"8980 161st Avenue Northeast # 400, Redmond, WA 98052, USA",ChIJ6THoZUwNkFQRKKMBM41Jds4,Zhu Family,47.68228269999999,-122.1239534,1,98052,OK,"doctor,establishment,health,point_of_interest"
393,ROOFTOP,"2827 California St, San Francisco, CA 94115, USA",ChIJ33hHYcmAhYARwjfB2pmcuOA,Tataki South,37.7878646,-122.4409921,1,94115,OK,"establishment,food,point_of_interest,restaurant"
394,ROOFTOP,"1596 Market St, San Francisco, CA 94102, USA",ChIJD3RDkJ6AhYARtGBZfmKPloY,The Pastry Cupboard,37.774631,-122.42065,1,94102,OK,"bakery,establishment,food,point_of_interest,store"
395,,,,Tip Top Tapas Inc,,,0,,ZERO_RESULTS,
396,ROOFTOP,"2567 Gough St, San Francisco, CA 94123, USA",ChIJz49YH8OAhYARKXiCKNUQ98I,Blue Fog Market,37.7970675,-122.4272794,1,94123,OK,"establishment,food,meal_takeaway,point_of_interest,restaurant"
397,ROOFTOP,"1567 S Piazza Dr, Bloomington, IN 47401, USA",ChIJAXfeB4JmbIgRbQDsDntnL1o,Crumble,39.1491064,-86.49965019999999,1,47401,OK,"bakery,cafe,establishment,food,point_of_interest,store"
398,ROOFTOP,"309 North Mead Street, Wichita, KS 67202, USA",ChIJ4cufdb_juocRIWwpFttzlJM,Latin Grill Express,37.6901237,-97.3298228,1,67202,OK,"bar,establishment,food,point_of_interest,restaurant"
399,ROOFTOP,"315 W Water St, Greenfield, MO 65661, USA",ChIJJRAFaV0PxocR297w8ewl_3U,Dining In Llc,37.41490659999999,-93.84094220000001,1,65661,OK,"establishment,food,point_of_interest,restaurant"
400,ROOFTOP,"422 W Main St, Yukon, OK 73099, USA",ChIJWTwW1M4HsocRyjh0zc17RQ8,Poquito,35.5076521,-97.74955010000001,1,73099,OK,"establishment,food,point_of_interest,restaurant"
401,ROOFTOP,"222 2nd St, San Francisco, CA 94105, USA",ChIJIX7B-nyAhYARUNnkx9vDSH8,Creperie Saint Germain,37.7864032,-122.3983216,1,94105,OK,"establishment,food,point_of_interest,restaurant,store"
402,ROOFTOP,"721 E 1st St, Grimes, IA 50111, USA",ChIJLbaOgTIm7IcRKMomVs3m5P4,Radish,41.688619,-93.7851764,1,50111,OK,"establishment,food,point_of_interest,restaurant"
403,ROOFTOP,"200 Hamilton Ave, Palo Alto, CA 94301, USA",ChIJoUToTjq7j4ARwuGAUEUtBlE,Fraiche Yogurt,37.443922,-122.161247,2,94301,OK,"cafe,establishment,food,point_of_interest,restaurant,store"
404,ROOFTOP,"732 22nd St, San Francisco, CA 94107, USA",ChIJL0eR87l_j4ARzVaL9P2vdDc,Dogpatch Cafe,37.7580453,-122.3889006,1,94107,OK,"cafe,establishment,food,point_of_interest,restaurant"
405,ROOFTOP,"990 Alamo Dr, Vacaville, CA 95687, USA",ChIJwRiijOMXhYARo8ZRWHtYQwM,Yin Mcdonalds,38.3422501,-121.9946113,1,95687,OK,"cafe,establishment,food,point_of_interest,restaurant,store"
406,ROOFTOP,"425 Ellis St, San Francisco, CA 94102, USA",ChIJT2aDGJCAhYARFl-1vDCtFG8,Tikka Masala Ellis,37.784726,-122.4132466,1,94102,OK,"establishment,food,point_of_interest,restaurant"
407,ROOFTOP,"1345 Bush St, San Francisco, CA 94109, USA",ChIJ3_EJYpSAhYARH4cWCkWrF-k,Moussys,37.7885958,-122.4193488,1,94109,OK,"establishment,food,point_of_interest,restaurant"
408,GEOMETRIC_CENTER,"Caddo National Grassland, Honey Grove, TX 75446, USA",ChIJU1VVVUUJS4YRvQqOuZ78H9Q,Grasslands,33.7304408,-95.97268319999999,1,75446,OK,"establishment,park,point_of_interest"
409,GEOMETRIC_CENTER,"Pier 30, San Francisco, CA 94105, United States",ChIJRdtRynaAhYARagrKDgRYYHM,Red's Java House,37.7872148,-122.3874311,1,94105,OK,"establishment,food,point_of_interest,restaurant"
410,ROOFTOP,"2918 24th St, San Francisco, CA 94110, USA",ChIJlXsx5Uh-j4AR_8uIuhDEQjQ,Low Cost Meat Market #3,37.7528945,-122.4105278,2,94110,OK,"establishment,food,point_of_interest,store"
411,ROOFTOP,"299 Divisadero St, San Francisco, CA 94117, USA",ChIJj4z87Uh-j4AR-oRcKl0oCw8,Wholesome Bakery,37.772095,-122.4373678,1,94117,OK,"bakery,establishment,food,point_of_interest,store"
412,ROOFTOP,"939 Clement St, San Francisco, CA 94118, USA",ChIJbdUDKhaHhYAR8AEy0KU71Vw,House Of Banquet,37.7826064,-122.4694263,1,94118,OK,"establishment,food,point_of_interest,restaurant"
413,ROOFTOP,"3821, 1401 Powell St, San Francisco, CA 94133, United States",ChIJV3n0SfKAhYARclvkZtY4xIw,Souffles Cafe,37.7975607,-122.4104948,1,94133,OK,"cafe,establishment,food,point_of_interest,restaurant"
414,,,,Buyer's Best Friend Inc,,,0,,ZERO_RESULTS,
415,GEOMETRIC_CENTER,"San Francisco, CA 94133, USA",ChIJ74k34POAhYARml0POMYWW5k,Buyer's Best Friend Mercato,37.7992102,-122.4083003,1,94133,OK,"bar,establishment,point_of_interest"
416,,,,Buyers Best Friend Wholesale,,,0,,ZERO_RESULTS,
417,ROOFTOP,"3515 20th St A, San Francisco, CA 94110, USA",ChIJvQeVFjx-j4ARhzTzWtkGdDY,Tao Yin Inc,37.7584217,-122.4195981,1,94110,OK,"establishment,food,point_of_interest,restaurant"
418,ROOFTOP,"2606 S Sheridan Rd, Tulsa, OK 74129, USA",ChIJY4EoIVHttocR31_0dP4aJnE,Happy Donut,36.1255183,-95.9050745,1,74129,OK,"bakery,establishment,food,point_of_interest,store"
419,ROOFTOP,"10905 Shoreline Hwy, Point Reyes Station, CA 94956, USA",ChIJC4jstoPGhYAR7_sdDXpQpyo,Marin Sun Farms Inc,38.063652,-122.805192,1,94956,OK,"establishment,food,point_of_interest,store"
420,ROOFTOP,"2455 Mason St, San Francisco, CA 94133, USA",ChIJ7T_EvOSAhYARZgxJZPEuupw,Cafe Pescatore,37.806313,-122.413973,1,94133,OK,"bar,establishment,food,night_club,point_of_interest,restaurant"
421,ROOFTOP,"134 Bala Ave, Bala Cynwyd, PA 19004, USA",ChIJi75QEVnHxokRt7BI16XNM3I,Pescatore Restaurant,40.0048473,-75.2322691,1,19004,OK,"establishment,food,point_of_interest,restaurant"
422,APPROXIMATE,"Cupola Pond, Pine Township, MO 63935, USA",ChIJC8p7Mkgw14cRAgU8JaK5LjQ,Cupola,36.7992218,-91.0895742,1,63935,OK,"establishment,natural_feature"
423,ROOFTOP,"1901 Ocean Ave, San Francisco, CA 94127, USA",ChIJey3VGMx9j4ARwgxO8IrzmXw,The Foglifter Cafe,37.7251726,-122.4624205,1,94127,OK,"cafe,establishment,food,point_of_interest"
424,ROOFTOP,"3126 16th St, San Francisco, CA 94103, USA",ChIJjX_6QSJ-j4ARUKV1G9o5QxM,Stanza Coffee,37.7649988,-122.4226528,2,94103,OK,"cafe,establishment,food,point_of_interest,store"
425,ROOFTOP,"181 Main St, Cold Spring Harbor, NY 11724, USA",ChIJ58WBggYo6IkR1FL5rtESz4g,Feel Group Hospitality Inc,40.8713973,-73.45689109999999,1,11724,OK,"establishment,point_of_interest"
426,,,,Tii Investment Corp,,,0,,ZERO_RESULTS,
427,ROOFTOP,"7200 S Las Vegas Blvd, Las Vegas, NV 89119, USA",ChIJW8L7KVnPyIAR55L43oDCHFc,Booze And Bites,36.0596893,-115.1715273,1,89119,OK,"bar,establishment,food,point_of_interest,restaurant"
428,ROOFTOP,"579 Hayes St, San Francisco, CA 94102, USA",ChIJlzv33JiAhYARGE8qqaN7lDM,Two Sisters Bar And Books,37.7764194,-122.4258472,1,94102,OK,"bar,book_store,establishment,point_of_interest,store"
429,ROOFTOP,"200 Pine St, San Francisco, CA 94104, USA",ChIJb1xx9WGAhYARNYsInrr-gkc,Chez Fayala,37.7923711,-122.4001537,1,94104,OK,"establishment,food,point_of_interest,restaurant"
430,ROOFTOP,"937 Howard St, San Francisco, CA 94103, USA",ChIJo6_iSYGAhYARx4wQHYZXCv8,Tin Vietnamese Cuisine,37.78072179999999,-122.4057109,1,94103,OK,"establishment,food,point_of_interest,restaurant"
431,ROOFTOP,"1309 Howard St, San Francisco, CA 94103, USA",ChIJU4RHTp2AhYARn0KtX2a1v7s,Bacetti,37.774677,-122.4132249,1,94103,OK,"establishment,food,point_of_interest,store"
432,,,,Didomax,,,0,,ZERO_RESULTS,
433,ROOFTOP,"316 Floyd Blvd # 1, Sioux City, IA 51101, USA",ChIJPVDc7Xb9jYcROmIJADkwMJE,Kings Coffee And Tea Inc,42.493433,-96.39322080000001,1,51101,OK,"cafe,establishment,food,point_of_interest"
434,ROOFTOP,"900 Sutter St, San Francisco, CA 94109, USA",ChIJbQyGMZKAhYARvtrfndbObvQ,Han's Coffee Shop,37.7884664,-122.4153256,1,94109,OK,"cafe,establishment,food,point_of_interest,store"
435,ROOFTOP,"6435 Farm Road 603, Clyde, TX 79510, USA",ChIJQ31Ggb7qVoYR1pRFUTUnqms,Steves Mobile Deli,32.335427,-99.562157,1,79510,OK,"car_wash,establishment,point_of_interest"
436,,,,Ebbett's Good To Go Inc,,,0,,ZERO_RESULTS,
437,ROOFTOP,"233 14th St, San Francisco, CA 94103, USA",ChIJHcS8TSF-j4ARjeox-YgN5tc,Mission Public,37.7681835,-122.4186412,1,94103,OK,"cafe,establishment,food,point_of_interest,restaurant"
438,ROOFTOP,"2925 Avenue P, Brooklyn, NY 11229, USA",ChIJgYgaZ6JEwokRtq2lOg_soe8,Cafe Savor,40.61221,-73.944317,2,11229,OK,"cafe,establishment,food,point_of_interest,restaurant"
439,ROOFTOP,"3463 16th St, San Francisco, CA 94114, USA",ChIJua_3Axx-j4ARSd0ZP_uavCc,Cafe Sophie,37.7642273,-122.4299696,1,94114,OK,"cafe,establishment,food,point_of_interest,restaurant,store"
440,ROOFTOP,"1920 N Coit Rd # 250, Richardson, TX 75080, USA",ChIJ35bT9_IhTIYRB3ngTe-bGsk,Hisago,32.9773339,-96.7673008,1,75080,OK,"establishment,food,point_of_interest,restaurant"
441,GEOMETRIC_CENTER,"3505 17th St B, San Francisco, CA 94110, United States",ChIJp0O8eBh-j4ARSq-eVI8Fe9E,Clare's Deli,37.763036,-122.42438,1,94110,OK,"establishment,food,meal_takeaway,point_of_interest,restaurant,store"
442,ROOFTOP,"1480 N Milwaukee Ave, Chicago, IL 60622, USA",ChIJAUM_VcbSD4gRv4GMTDc4nzo,Umami Burger,41.9087226,-87.6751027,1,60622,OK,"bar,establishment,food,point_of_interest,restaurant"
443,APPROXIMATE,"London Borough of Harrow, UK",ChIJsdjk2n0TdkgRQGjsoi2uDgQ,Harrow,51.58814109999999,-0.3422736,2,,OK,"administrative_area_level_3,political"
444,ROOFTOP,"6745 Lenox Center Ct, Memphis, TN 38115, USA",ChIJIQHp7Liaf4gRzX5bKwyxYKM,Square Meals,35.0585319,-89.8387614,1,38115,OK,"cafe,establishment,food,point_of_interest"
445,ROOFTOP,"600 York St, San Francisco, CA 94110, USA",ChIJN46aJDF-j4ARt5I3qDR4jQo,Cafe Taboo,37.7616915,-122.4094005,1,94110,OK,"bar,establishment,food,meal_takeaway,point_of_interest,restaurant"
446,ROOFTOP,"2035 Polk St, San Francisco, CA 94109, USA",ChIJbzX6K9eAhYAR7MjAQe5dDks,New Country Sky,37.795376,-122.4219032,1,94109,OK,"establishment,food,meal_delivery,point_of_interest,restaurant"
447,ROOFTOP,"3131 Fillmore St, San Francisco, CA 94123, USA",ChIJm5eHhNCAhYARnuWgC_zhLSE,Cellar Door Sf,37.7984027,-122.435972,1,94123,OK,"bar,establishment,food,point_of_interest"
448,ROOFTOP,"7030 S Yale Ave #810, Tulsa, OK 74136, USA",ChIJr-SAR0OStocRUvvSBg-SqF4,Pe Yale,36.0618937,-95.9238094,1,74136,OK,"establishment,finance,point_of_interest"
449,,,,Tru Gourmet Inc,,,0,,ZERO_RESULTS,
450,ROOFTOP,"1616 Rue Sainte-Catherine O, Montréal, QC H3H 1L7, Canada",ChIJKSVC6msayUwRUQacCvxLrS4,Youki Ramen,45.493982,-73.5787514,1,H3H 1L7,OK,"establishment,food,point_of_interest,restaurant"
451,ROOFTOP,"670 Corydon Ave, Winnipeg, MB R3M 0X7, Canada",ChIJw_uy6gR06lIRT9NgsHv5Ky4,Colosseo Ristorante & Bar Ital,49.8714792,-97.15041629999999,1,R3M 0X7,OK,"establishment,food,point_of_interest,restaurant"
452,ROOFTOP,"2499 Folsom St, San Francisco, CA 94110, USA",ChIJAbo0sTl-j4ARY3-u5MKU0nA,Joey And Pat's Bakery & Coffee,37.7574107,-122.4144293,1,94110,OK,"bakery,cafe,establishment,food,point_of_interest,store"
453,ROOFTOP,"322 Kearny St, San Francisco, CA 94133, USA",ChIJxQr0KoqAhYARzMxol94P_fs,Darn Good Food,37.7912059,-122.4039351,1,94133,OK,"establishment,food,point_of_interest,restaurant"
454,ROOFTOP,"113 S Penn Ave, Independence, KS 67301, USA",ChIJ1y6LIxUruIcRz-MTkjTEBGE,Just Eat It,37.222685,-95.70700099999999,1,67301,OK,"establishment,food,point_of_interest,restaurant"
455,ROOFTOP,"1865 Post St, San Francisco, CA 94115, USA",ChIJv8b_-LiAhYAR7pOc3SMANNo,Pa'ina Lounge & Restaurant,37.785132,-122.432371,1,94115,OK,"bar,establishment,food,night_club,point_of_interest,restaurant"
456,ROOFTOP,"900 Avenue D, San Francisco, CA 94130, USA",ChIJnR4PmsuBhYARDKZm3DLvfh0,Treasure Island Event Venue,37.82710489999999,-122.374082,1,94130,OK,"establishment,point_of_interest"
457,ROOFTOP,"4720 Ruby Ave, Midlothian, TX 76065, USA",ChIJTQKUp8-MToYR3Eru2aR-Se8,Oasis Bar And Grill,32.5337652,-96.9777314,1,76065,OK,"bar,establishment,night_club,point_of_interest"
458,ROOFTOP,"409 Gough St, San Francisco, CA 94102, USA",ChIJKz56lpiAhYAR56S9hLnUTSI,Dobbs Ferry Restaurant,37.7770833,-122.4231858,1,94102,OK,"bar,establishment,food,point_of_interest,restaurant"
459,ROOFTOP,"3431 19th St, San Francisco, CA 94110, USA",ChIJCUUF9Tx-j4ARLDIdSz4aUzU,Hogs And Rocks Llc,37.7600837,-122.4198861,1,94110,OK,"bar,establishment,food,point_of_interest,restaurant"
460,ROOFTOP,"524 Van Ness Ave, San Francisco, CA 94102, USA",ChIJVT3cw5mAhYARGwqWxkoO03M,O3 Bistro & Lounge,37.7805507,-122.4201564,1,94102,OK,"bar,establishment,food,night_club,point_of_interest,restaurant"
461,ROOFTOP,"1300 Fillmore St, San Francisco, CA 94115, USA",ChIJ89VKybuAhYARLk6Vxba8Hbg,Patisserie Norina,37.781588,-122.4321368,1,94115,OK,"bakery,establishment,food,point_of_interest,store"
462,ROOFTOP,"1710 Mission St, San Francisco, CA 94103, USA",ChIJOW2G4yB-j4AR_WQjoS8y7k0,Rice Paper Scissors,37.7697265,-122.4203894,2,94103,OK,"establishment,food,point_of_interest,restaurant"
463,ROOFTOP,"678 Chenery St, San Francisco, CA 94131, USA",ChIJ18adnmR-j4ARaYGulJ-TrvU,Tataki Canyon,37.7346444,-122.433661,1,94131,OK,"establishment,food,point_of_interest,restaurant"
464,ROOFTOP,"4826 Mission St, San Francisco, CA 94112, USA",ChIJSbArBIV-j4ARMQUdLovEosM,Doctor's Lounge,37.7209854,-122.437945,1,94112,OK,"bar,establishment,food,night_club,point_of_interest,restaurant"
465,ROOFTOP,"9 S Main St, Natick, MA 01760, USA",ChIJw50qZf-G44kRQkZIfng9LZ0,Fete Catering,42.28322110000001,-71.3474327,1,01760,OK,"establishment,food,point_of_interest"
466,ROOFTOP,"2486 Sacramento St, San Francisco, CA 94115, USA",ChIJIWTERsaAhYARC37cKHNCqJA,Bay Subs & Deli,37.7900029,-122.4337984,2,94115,OK,"establishment,food,point_of_interest,restaurant"
467,ROOFTOP,"2019, 407 Castro St, San Francisco, CA 94114, United States",ChIJnRGRVht-j4AR8meAbWNMBFw,Hot Cookie,37.762297,-122.434934,1,94114,OK,"bakery,establishment,food,point_of_interest,store"
468,ROOFTOP,"6257 E 21st St N, Wichita, KS 67208, USA",ChIJifJFZi39uocR4wC9ecG-rN4,Marrakech Moroccan Restaurant,37.7224842,-97.26307539999999,1,67208,OK,"establishment,food,point_of_interest,restaurant"
469,ROOFTOP,"701 Randolph St, San Francisco, CA 94132, USA",ChIJrYth_jV8j4ARZyMltptA7lE,April Nine Thai Kitchen,37.71406899999999,-122.469082,1,94132,OK,"establishment,food,point_of_interest,restaurant"
470,ROOFTOP,"602 E Dixie Dr, Asheboro, NC 27203, USA",ChIJCeOb6OdoU4gRhyrTblvFSoA,Golden Waffle,35.6894313,-79.805791,2,27203,OK,"establishment,food,point_of_interest,restaurant"
471,ROOFTOP,"431 2nd St, San Francisco, CA 94107, USA",ChIJLRMlaHmAhYARF1yiHGPWOZU,France Delices,37.7838832,-122.3943019,2,94107,OK,"establishment,food,meal_takeaway,point_of_interest,restaurant"
472,ROOFTOP,"1525 W 13th St, Upland, CA 91786, USA",ChIJmxmxJw4xw4ARmN7N0y6Sbrg,Vu Danny,34.1110407,-117.6789139,1,91786,OK,"establishment,health,point_of_interest"
473,ROOFTOP,"10901 N Lamar Blvd, Austin, TX 78753, USA",ChIJr7YXSVvJRIYRRgntn6P9CI4,New Fortune Dim Sum,30.3778041,-97.68781150000001,1,78753,OK,"establishment,food,point_of_interest,restaurant"
474,ROOFTOP,"3170 16th St, San Francisco, CA 94103, USA",ChIJe8O9ciJ-j4ARYXtakvRMJg8,Big Lantern,37.7650406,-122.4234894,1,94103,OK,"bar,establishment,food,point_of_interest,restaurant"
475,ROOFTOP,"2295 3rd St, San Francisco, CA 94107, USA",ChIJ53AnSbh_j4ARvydg9pSwD3c,Wooly Pig Cafe,37.7606379,-122.3883769,1,94107,OK,"cafe,establishment,food,point_of_interest,restaurant"
476,ROOFTOP,"1718 S Elm St, Sherman, TX 75090, USA",ChIJAcxKsJ1iTIYRojBEa1GyFZI,903,33.6172681,-96.60702979999999,1,75090,OK,"establishment,food,point_of_interest"
477,ROOFTOP,"3715 S Dixie Hwy, West Palm Beach, FL 33405, USA",ChIJVSosFqrX2IgRHJStAdOUlGo,Cholo Soy,26.6777922,-80.054896,2,33405,OK,"establishment,food,point_of_interest,restaurant"
478,ROOFTOP,"199 New Montgomery St, San Francisco, CA 94105, USA",ChIJm95MGH2AhYAR7HYc8bm3M-8,The Roastery,37.7865787,-122.3992711,1,94105,OK,"cafe,establishment,food,point_of_interest,store"
479,ROOFTOP,"1105 N Market St, Wilmington, DE 19801, USA",ChIJ6ZWyaD_9xokRapZch-zKapw,Lener Consulting Services,39.747302,-75.54710639999999,1,19801,OK,"establishment,finance,point_of_interest"
480,ROOFTOP,"1500 N Rock Rd, Derby, KS 67037, USA",ChIJPRb0rzvwuocRr3KzaEkMlN4,Bread & Butter Coffee House,37.562885,-97.2439282,1,67037,OK,"bakery,cafe,establishment,food,meal_takeaway,point_of_interest,restaurant,store"
481,ROOFTOP,"210 E 3rd Ave, San Mateo, CA 94401, USA",ChIJ4_TDZHCej4ARXeiX7Lmw-7k,Abc Bakery Cafe Inc,37.5650517,-122.3228895,1,94401,OK,"cafe,establishment,food,point_of_interest,restaurant"
482,ROOFTOP,"1922 Martin Luther King Jr Way, Berkeley, CA 94704, USA",ChIJK17t8ph-hYARKL_ahjCXqxs,Secret Scoop,37.872732,-122.2732995,1,94704,OK,"establishment,food,point_of_interest,store"
483,ROOFTOP,"1122 Main St, Parsons, KS 67357, USA",ChIJMw6WQpcauIcR8skb69egpwk,St Vincent,37.3401932,-95.25156199999999,1,67357,OK,"establishment,point_of_interest,store"
484,GEOMETRIC_CENTER,"The East Cut, San Francisco, CA 94105, USA",ChIJfZOy3mKAhYAR71vqNWz1prU,The Sandwich Stand,37.7888394,-122.3988919,1,94105,OK,"establishment,food,point_of_interest,restaurant"
485,ROOFTOP,"3717 Balboa St, San Francisco, CA 94121, USA",ChIJceFGi0h-j4ARvF764uVenCM,Butter Love Bakeshop,37.7754884,-122.4987752,1,94121,OK,"bakery,establishment,food,point_of_interest,store"
486,ROOFTOP,"331 White St, Norman, OK 73069, USA",ChIJKyj9F9FpsocRNU8mxVvxquk,Whipped & Beaten,35.2130675,-97.44505579999999,1,73069,OK,"bakery,establishment,food,point_of_interest,store"
487,ROOFTOP,"251 Geary St, San Francisco, CA 94102, USA",ChIJ0_zQNY-AhYARG7orCWs5IJ4,Tout Sweet Patisserie,37.7870532,-122.4073489,1,94102,OK,"bakery,establishment,food,point_of_interest,store"
488,ROOFTOP,"Okefenokee Swamp Park, 5700 Okefenokee Swamp Park Rd, Waycross, GA 31503, USA",ChIJAQAAAJD674gRhnjP9GU6Zzs,Swamp,31.056794,-82.27232699999999,1,31503,OK,"establishment,park,point_of_interest,travel_agency,zoo"
489,ROOFTOP,"McKesson Plaza, 1 Post St, San Francisco, CA 94104, USA",ChIJNTpfNoiAhYAR_TIN-45K5xg,Hayahon,37.7887748,-122.4026655,1,94104,OK,"establishment,food,point_of_interest,restaurant"
490,ROOFTOP,"2222 Palou Ave, San Francisco, CA 94124, USA",ChIJVajj6xl_j4ARLGdKHNRpXys,Feve Artisan Chocolatier Llc,37.7411009,-122.4024864,1,94124,OK,"establishment,food,point_of_interest,store"
491,ROOFTOP,"166G/5 Khalid Bin Walid Rd, M.C.G.P.C.H.S MCGP CHS PECHS, Karachi, Karachi City, Sindh 75400, Pakistan",ChIJAUDRT-w-sz4RHOXpHQqWD8I,Karachi Chicken Inc,24.8808261,67.0619403,1,75400,OK,"establishment,food,point_of_interest,restaurant"
492,ROOFTOP,"407 Clement St, San Francisco, CA 94118, USA",ChIJi9QC-DuHhYARab2oeZUARr8,New Dna Cafe,37.7827829,-122.46363,1,94118,OK,"cafe,establishment,food,point_of_interest"
493,ROOFTOP,"177 Tartan Dr, Johnstown, CO 80534, USA",ChIJI-ZaIS6qbocRTE-scMx_aYY,After Osha Llc,40.3384654,-104.950287,1,80534,OK,"establishment,point_of_interest"
494,ROOFTOP,"3722, 9119 Olive Blvd, Olivette, MO 63132, United States",ChIJR4wa95c034cRgi9KJ_ZnFmM,Chevys Fresh Mex,38.6743974,-90.3650036,1,63132,OK,"establishment,food,point_of_interest,restaurant"
495,ROOFTOP,"1400 W 190th St Ste A, Torrance, CA 90501, USA",ChIJk108eIa2t4kRSoUKtBkOhsE,Great Steak And Potato,33.8579496,-118.3031467,1,90501,OK,"establishment,food,point_of_interest,restaurant"
496,ROOFTOP,"7700 E Kellogg Dr, Wichita, KS 67207, USA",ChIJT42Snrz8uocRiinL-_3RaSE,Dq Orange,37.683227,-97.246927,1,67207,OK,"establishment,food,point_of_interest,store"
497,ROOFTOP,"1447 N Sedgwick St, Chicago, IL 60610, USA",ChIJYR_bnzjTD4gRb32OsMuQ0hY,Evas Coffee,41.9089485,-87.6382532,1,60610,OK,"cafe,establishment,food,point_of_interest"
498,ROOFTOP,"304 Vicksburg St, San Francisco, CA 94114, USA",ChIJJ8f9lRR-j4ARmJs4cn9SSe0,Olive This Olive That,37.751409,-122.428668,1,94114,OK,"establishment,food,grocery_or_supermarket,point_of_interest,store"
499,ROOFTOP,"4475 Northpark Dr, Colorado Springs, CO 80907, USA",ChIJ1__arshPE4cROexSQUiaH9c,La Bella Vita,38.8964976,-104.8270231,1,80907,OK,"establishment,food,point_of_interest,restaurant"
